0,1385975693092,16,0,0,226.59,-216.19,1729.66,268.04,-117.92,1619.39,160.38,-136.39,1627.28,183.33,-31.42,1425.73,310.82,-3.16,1344.00,58.76,-4.75,1271.39,205.23,21.25,1075.80,190.58,49.82,872.45,431.83,-56.07,900.28,-34.02,-17.09,841.69,502.24,20.39,474.88,12.29,-52.72,730.89,523.41,-22.99,57.05,-117.88,-58.70,468.02,497.09,-133.29,-16.41,-124.94,-45.45,36.02,
1,1385975693126,16,0,0,227.63,-218.34,1729.95,268.04,-117.92,1619.39,159.72,-135.72,1626.88,188.16,-41.08,1427.76,308.76,0.76,1344.96,58.25,-3.99,1271.37,203.36,16.22,1075.84,190.58,49.82,872.45,439.43,-66.63,900.42,-34.02,-17.09,841.69,502.24,20.39,474.88,11.59,-51.54,730.98,523.41,-22.99,57.05,-116.35,-56.85,468.51,497.09,-133.29,-16.41,-124.94,-45.45,36.02,
2,1385975693159,16,0,0,223.64,-211.44,1726.49,268.04,-117.92,1619.39,160.79,-137.96,1627.27,188.16,-41.08,1427.76,311.40,-4.14,1345.53,59.74,-6.26,1272.39,202.79,16.59,1076.30,190.59,52.05,872.31,433.40,-55.94,900.43,-33.38,-18.17,841.73,502.24,20.39,474.88,12.29,-52.72,730.89,523.41,-22.99,57.05,-116.35,-56.85,468.51,497.09,-133.29,-16.41,-124.94,-45.45,36.02,
3,1385975693192,16,0,0,223.55,-211.87,1724.70,262.88,-110.72,1617.50,165.84,-148.54,1628.71,189.95,-44.43,1428.32,312.04,-5.05,1345.96,60.69,-9.98,1273.79,206.26,18.45,1077.42,196.77,57.75,873.80,433.56,-55.51,900.78,-34.02,-17.09,841.69,405.93,-53.33,791.46,10.55,-48.48,730.88,505.13,16.53,473.70,-117.77,-53.41,468.88,523.41,-22.99,57.05,-124.94,-45.45,36.02,
4,1385975693225,16,0,0,227.77,-221.28,1726.60,268.53,-121.94,1618.75,163.80,-146.07,1627.52,186.89,-40.24,1427.90,312.04,-5.05,1345.96,61.17,-15.65,1274.72,207.17,15.93,1078.09,197.29,56.97,873.86,431.60,-52.67,901.63,-27.98,-13.01,843.11,364.51,-3.62,780.16,10.39,-48.10,731.19,506.66,13.97,473.48,-118.20,-52.35,469.04,531.52,-36.63,53.99,-124.94,-45.45,36.02,
5,1385975693259,16,0,0,224.74,-213.09,1724.34,265.69,-118.89,1615.88,165.28,-152.08,1628.05,187.69,-42.44,1426.82,313.32,-7.43,1346.40,61.72,-12.75,1275.32,204.67,22.49,1078.38,199.15,57.78,874.15,437.22,-58.59,904.54,-28.91,-11.23,843.38,411.47,-62.66,791.67,11.56,-53.83,730.08,517.06,-4.49,471.69,-115.35,-57.46,468.49,531.52,-36.63,53.99,-124.24,-47.17,35.49,
6,1385975693292,16,0,0,236.45,-232.36,1724.96,266.34,-122.33,1616.10,161.19,-144.78,1622.72,190.19,-46.30,1427.19,313.32,-7.43,1346.40,63.57,-25.18,1326.84,202.59,21.58,1078.19,199.86,54.13,873.57,441.38,-61.28,907.08,-24.85,-14.25,878.05,370.10,-4.31,783.78,18.99,-50.76,762.35,521.38,-11.69,471.64,-114.68,-58.66,468.30,531.52,-36.63,53.99,-131.80,-33.58,38.90,
7,1385975693325,16,0,0,244.17,-239.59,1724.55,270.92,-123.27,1613.97,167.20,-156.83,1572.72,189.11,-44.17,1426.53,309.57,-0.43,1345.68,63.34,-26.08,1329.69,182.38,39.13,1126.00,191.74,52.24,871.33,421.60,-25.14,908.51,-25.38,-9.12,844.24,407.30,-53.29,793.87,11.34,-53.33,730.25,524.90,-22.72,470.29,-122.70,-64.81,466.46,531.52,-36.63,53.99,-131.80,-33.58,38.90,
8,1385975693360,16,0,0,243.63,-230.46,1718.23,273.99,-121.18,1610.74,165.83,-146.11,1616.75,197.12,-55.29,1427.04,303.33,13.04,1343.71,63.86,-33.44,1333.33,207.73,24.12,1081.37,187.53,61.99,869.79,435.04,-38.47,907.43,-24.69,-1.27,844.60,410.46,-49.83,794.76,8.35,-48.32,730.59,509.24,-44.49,427.44,-123.49,-65.24,466.85,539.70,-50.37,50.90,-128.72,-41.10,37.08,
9,1385975693392,16,0,0,270.21,-246.49,1668.72,285.91,-131.57,1606.71,171.69,-162.43,1566.94,208.99,-69.08,1426.06,313.43,0.85,1341.93,69.64,-47.65,1335.29,206.61,24.61,1082.12,186.01,62.09,866.75,424.15,-9.68,903.17,-29.92,-4.52,843.32,374.98,2.43,776.76,8.25,-45.25,731.44,527.20,-37.63,469.38,-114.88,-69.67,467.89,539.44,-50.56,51.97,-129.15,-40.33,37.15,
10,1385975693425,16,0,0,280.75,-253.07,1661.55,294.32,-129.73,1599.52,196.68,-158.58,1563.27,208.46,-71.17,1373.10,319.25,2.24,1338.92,78.25,-61.58,1336.32,189.52,41.67,1130.53,192.65,73.84,864.52,426.68,-0.33,895.88,-38.76,19.45,875.91,378.21,4.64,772.17,16.02,-43.84,760.96,522.44,-33.67,469.95,-113.97,-68.37,469.88,539.47,-50.55,52.65,-130.18,-38.47,37.77,
11,1385975693459,16,0,0,293.28,-256.26,1651.66,316.32,-143.72,1593.26,207.03,-178.58,1558.20,220.32,-67.45,1368.09,330.85,-4.00,1334.90,66.90,-62.07,1286.37,207.17,22.52,1084.08,192.10,79.18,860.33,426.42,13.59,891.84,-22.49,-3.15,875.21,414.47,-23.34,785.96,19.09,-30.04,733.11,522.13,-33.84,469.22,-120.42,-73.10,468.43,537.35,-47.77,52.86,-128.72,-41.10,37.08,
12,1385975693492,16,0,0,305.10,-281.57,1641.50,323.55,-129.02,1577.40,211.47,-196.88,1549.78,235.45,-99.36,1365.30,338.50,0.99,1328.71,88.08,-60.21,1333.69,208.11,28.03,1084.49,182.66,90.38,854.90,436.30,12.40,887.51,-39.39,39.76,873.67,384.10,-1.49,723.01,-9.94,-15.06,755.69,519.54,-28.87,468.75,-101.68,-54.92,475.50,537.33,-47.77,52.17,-130.46,-37.90,38.76,
13,1385975693525,16,0,0,333.23,-298.78,1629.81,352.41,-143.42,1564.24,244.77,-173.07,1574.29,246.33,-95.02,1356.25,356.89,-7.49,1321.69,106.24,-75.79,1332.53,203.38,48.82,1131.52,186.83,98.52,853.26,436.87,23.01,885.79,-25.49,24.72,841.08,363.51,55.46,762.72,14.62,-24.34,730.09,518.43,-67.53,425.10,-112.28,-68.22,472.43,539.42,-50.56,51.28,-129.62,-39.11,39.25,
14,1385975693560,16,0,0,360.57,-264.44,1643.19,375.32,-148.30,1547.85,280.02,-196.27,1561.35,274.82,-81.17,1388.40,372.11,-4.78,1311.25,125.85,-87.67,1332.01,214.34,46.61,1131.79,194.68,104.54,850.96,435.37,41.30,883.15,-13.46,5.01,810.95,381.65,43.41,758.88,-112.68,-73.99,487.91,523.56,-26.18,467.61,69.21,167.48,332.20,539.70,-50.37,50.90,-130.33,-37.38,39.79,
15,1385975693592,16,0,0,386.07,-319.62,1595.20,402.98,-153.21,1525.75,284.73,-227.61,1509.43,304.40,-97.49,1375.74,388.64,-2.73,1296.44,149.59,-102.38,1328.16,222.59,48.88,1131.41,196.33,96.91,846.99,434.99,58.52,881.13,-27.41,48.77,874.48,421.67,18.24,770.79,-5.10,9.54,779.67,528.98,-27.26,466.23,-109.82,-76.56,487.35,523.41,-22.99,57.05,-129.30,-39.20,39.87,
16,1385975693625,16,0,0,443.51,-366.55,1526.68,441.07,-176.30,1507.39,333.36,-204.76,1521.37,291.25,-40.54,1454.86,409.66,-6.99,1281.63,145.84,-122.11,1280.04,238.72,39.11,1131.31,194.10,111.08,844.01,443.75,60.70,878.45,-18.31,24.53,837.73,423.55,22.64,767.85,28.22,-14.79,752.05,537.88,-32.21,464.67,-105.14,-73.52,472.73,523.86,-23.03,56.66,-126.92,-19.93,47.97,
17,1385975693659,16,0,0,457.64,-370.69,1500.92,462.08,-166.95,1479.90,362.31,-207.05,1498.53,337.60,-76.74,1437.29,436.35,-16.62,1262.74,185.92,-105.74,1313.55,246.93,45.86,1127.07,199.71,118.18,842.67,448.06,67.58,874.84,-10.77,23.71,839.16,425.30,29.08,764.92,29.11,-3.66,750.48,528.81,-15.40,464.85,-118.17,-89.72,468.11,529.97,-30.65,54.45,-126.30,-21.11,47.83,
18,1385975693692,16,0,0,482.55,-295.77,1443.70,501.27,-188.71,1456.27,382.42,-259.14,1449.55,377.63,-100.91,1417.50,465.46,-32.67,1244.43,215.92,-120.32,1306.92,265.55,38.42,1124.31,201.51,126.05,838.26,460.60,61.85,870.21,-5.33,41.73,840.57,428.43,38.91,761.04,33.12,-3.12,749.46,539.72,-29.25,462.65,-103.51,-74.83,474.51,538.67,-42.23,50.52,-125.36,-23.96,49.12,
19,1385975693725,16,0,0,519.95,-356.97,1448.02,542.41,-216.52,1432.90,436.25,-244.81,1454.78,419.63,-132.94,1396.08,485.42,-34.22,1219.92,239.95,-129.44,1298.02,280.94,38.88,1120.50,210.43,127.59,835.22,468.03,64.48,864.07,-2.94,57.90,876.10,429.65,37.28,754.43,16.55,32.92,779.42,546.35,-37.79,460.64,-106.47,-101.04,472.34,531.42,-33.07,54.05,-120.09,-38.01,48.60,
20,1385975693759,16,0,0,527.62,-298.60,1391.55,560.39,-213.40,1403.46,468.29,-262.20,1432.05,476.09,-191.64,1379.48,501.74,-36.67,1198.25,258.91,-130.01,1287.29,294.16,41.57,1115.26,215.38,136.54,830.86,473.76,70.32,855.29,4.08,62.31,881.47,439.28,42.59,751.22,18.80,15.44,778.93,548.04,-40.00,459.42,-109.80,-108.14,477.13,531.42,-33.07,54.05,-137.54,-56.01,45.38,
21,1385975693792,16,0,0,530.53,-262.80,1360.96,586.52,-226.38,1375.83,493.01,-271.54,1406.32,321.60,15.89,1109.74,530.85,-58.95,1176.44,293.38,-163.22,1278.77,295.40,-20.62,1018.68,220.64,141.79,826.24,472.68,84.29,851.27,7.83,66.49,884.69,440.74,42.47,744.66,16.28,24.10,779.70,543.10,-32.48,459.20,-90.80,-95.21,489.23,531.42,-33.07,54.05,-129.46,-56.73,52.47,
22,1385975693825,16,0,0,603.15,-402.25,1410.94,612.96,-244.90,1349.33,514.88,-282.12,1382.18,476.05,-160.17,1238.23,547.02,-71.14,1156.07,312.38,-174.80,1267.02,324.04,24.24,1103.49,223.40,138.63,822.76,483.38,73.49,849.71,14.12,70.53,846.52,448.56,48.87,739.12,48.29,-3.33,753.90,553.13,-45.14,458.28,-116.12,-120.49,486.59,529.97,-30.65,54.45,-129.86,-67.91,55.43,
23,1385975693859,16,0,0,634.52,-408.93,1383.44,828.06,-529.90,1258.82,514.42,-318.04,1327.92,487.01,-213.19,1184.97,401.25,131.04,1201.67,317.37,-208.48,1217.40,333.79,-11.36,1052.58,223.13,139.01,817.64,481.68,76.04,844.89,14.07,55.48,845.74,448.22,56.39,736.73,47.63,-0.98,752.60,559.30,-51.44,456.45,-103.42,-114.44,494.12,538.67,-42.23,50.52,-139.34,-132.37,46.70,
24,1385975693892,16,0,0,653.97,-426.20,1355.27,804.52,-489.95,1228.60,538.81,-320.08,1304.38,500.39,-213.68,1163.86,427.94,94.71,1182.70,325.47,-216.52,1204.75,340.39,-13.46,1045.81,227.54,136.08,816.22,486.36,71.90,840.44,19.43,62.00,846.37,451.90,47.28,732.36,48.90,-1.74,748.80,560.29,-55.23,455.44,-95.86,-98.43,497.32,541.16,-45.59,48.93,-172.94,-113.98,48.72,
25,1385975693925,16,0,0,663.02,-419.89,1325.87,793.70,-473.31,1202.32,556.54,-333.83,1281.13,515.57,-220.30,1143.50,460.95,44.89,1164.07,333.20,-234.92,1190.26,350.13,-16.37,1039.81,227.54,142.48,812.04,482.79,73.35,835.28,20.45,62.09,845.07,446.10,44.61,726.99,47.54,-2.32,745.68,559.91,-60.52,456.65,-111.86,-103.33,489.90,525.23,-78.50,20.14,-167.20,-144.83,41.83,
26,1385975693959,16,0,0,670.10,-423.21,1301.76,791.91,-476.05,1178.11,559.52,-345.83,1257.79,532.60,-242.35,1125.14,480.60,9.81,1145.21,340.65,-244.99,1177.10,355.35,-21.33,1032.46,228.65,151.80,811.29,485.92,59.60,829.48,28.65,53.09,844.28,451.56,58.64,725.41,35.37,10.41,740.73,571.20,-83.52,453.04,-121.42,-102.21,484.97,533.24,-35.48,53.65,-180.41,-111.80,52.13,
27,1385975693992,16,0,0,695.38,-441.86,1280.46,763.81,-446.71,1152.64,570.01,-357.31,1235.55,536.06,-239.50,1106.24,485.47,-5.26,1127.77,348.96,-261.25,1162.09,348.79,-27.95,1024.01,231.36,150.22,807.03,483.92,52.25,824.70,19.00,35.71,874.10,450.35,46.43,719.46,35.55,0.44,735.54,555.95,-70.21,455.95,-114.49,-97.51,483.91,521.80,-20.28,57.87,-188.83,-118.79,46.74,
28,1385975694026,16,0,0,696.75,-445.17,1258.56,754.83,-447.50,1131.35,568.79,-351.76,1214.00,529.31,-255.14,1086.81,494.78,-34.69,1110.24,353.12,-277.83,1150.84,344.36,-31.92,1015.71,213.77,143.92,801.52,469.28,64.70,820.87,2.11,50.25,836.97,442.30,50.89,716.08,34.58,-9.20,733.54,550.09,-70.94,455.92,-114.42,-89.07,483.19,531.52,-36.63,53.99,-181.13,-109.43,48.36,
29,1385975694059,16,0,0,697.75,-463.51,1239.37,735.44,-433.42,1112.15,568.38,-363.11,1194.69,531.64,-254.28,1070.39,512.10,-76.02,1094.23,355.89,-276.30,1137.56,353.30,-41.64,1010.68,220.20,148.61,802.70,469.85,55.05,818.40,13.88,67.72,840.72,438.66,50.21,713.18,12.85,22.13,735.74,543.27,-82.77,417.41,-126.19,-112.27,476.68,537.17,-46.74,52.87,-176.23,-132.71,33.41,
30,1385975694092,16,0,0,692.81,-464.25,1219.64,728.61,-440.41,1096.45,568.88,-363.20,1176.66,524.33,-268.06,1054.55,488.29,-53.00,1078.21,360.82,-279.74,1126.86,345.31,-31.22,1004.97,209.34,153.11,800.93,452.93,67.79,817.63,-2.43,56.65,840.79,433.91,51.66,711.97,20.46,-2.89,737.13,534.85,-90.42,417.02,-130.89,-127.81,492.03,537.83,-47.80,53.50,-186.99,-98.94,45.75,
31,1385975694125,16,0,0,687.72,-475.07,1202.43,739.30,-474.87,1082.69,565.64,-370.01,1160.64,526.54,-294.13,1037.81,492.75,-78.43,1065.49,343.34,-301.97,1112.36,349.87,-46.07,955.92,208.39,153.53,801.87,462.88,42.95,816.46,-9.06,62.02,883.37,430.09,51.47,711.15,8.38,12.85,737.05,529.93,-91.13,418.15,-146.89,-110.47,473.70,537.83,-47.80,53.50,-187.97,-97.25,46.02,
32,1385975694159,16,0,0,676.69,-476.87,1185.73,729.73,-480.57,1069.66,554.72,-378.80,1143.74,520.95,-283.33,990.23,485.74,-84.24,1054.31,348.28,-315.13,1102.82,338.53,-58.31,996.53,194.32,154.17,801.40,442.08,66.67,816.10,-1.19,74.08,849.05,371.15,86.77,705.29,8.25,3.17,737.74,531.08,-95.11,419.48,-150.07,-106.59,476.19,522.03,-83.00,22.58,-196.45,-105.92,42.20,
33,1385975694192,16,0,0,673.94,-478.42,1173.52,730.46,-501.12,1057.72,546.01,-394.00,1129.92,514.52,-288.41,979.14,476.47,-86.14,1044.06,355.76,-305.59,1093.81,339.91,-74.41,991.63,198.10,152.22,803.09,449.10,51.16,816.18,-19.22,67.80,886.93,407.49,41.18,708.10,-14.89,33.01,772.13,525.00,-88.62,421.38,-137.97,-104.14,478.75,522.03,-83.00,22.58,-196.45,-105.92,42.20,
34,1385975694225,16,0,0,657.03,-523.97,1198.05,643.38,-378.53,1062.07,539.33,-389.04,1116.72,508.80,-296.41,969.93,545.63,-200.64,937.70,331.39,-346.55,1113.01,329.29,-58.35,988.52,193.52,146.00,801.95,443.80,51.57,816.86,-20.00,63.49,849.11,403.72,51.21,679.68,-7.86,26.47,736.81,524.95,-92.62,421.89,-146.74,-103.86,477.69,522.03,-83.00,22.58,-196.43,-105.92,42.67,
35,1385975694259,16,0,0,660.10,-494.69,1150.35,627.21,-376.35,1048.53,535.60,-386.26,1106.88,508.62,-292.00,964.03,532.84,-200.51,930.88,318.14,-341.75,1069.47,328.37,-55.76,985.25,198.58,157.88,803.89,440.97,55.33,816.32,-15.62,74.60,851.95,403.77,54.65,709.91,-4.63,18.34,735.92,514.02,-55.66,464.70,-151.63,-102.68,477.50,522.03,-83.00,22.58,-195.10,-109.36,41.84,
36,1385975694292,16,0,0,642.23,-541.65,1183.84,631.52,-393.43,1039.61,522.39,-399.67,1095.52,505.98,-294.16,956.19,527.56,-210.03,925.29,322.30,-344.24,1062.26,331.55,-69.49,982.83,194.27,159.79,803.44,425.69,75.24,816.59,-18.30,68.28,850.45,402.73,53.44,709.83,-7.67,23.84,735.84,517.21,-100.07,420.56,-151.39,-115.80,491.71,521.80,-82.99,22.60,-194.53,-110.84,41.60,
37,1385975694325,16,0,0,568.22,-446.41,1102.16,625.77,-411.72,1030.28,518.18,-397.61,1088.84,354.42,-147.21,1085.68,528.36,-221.04,920.72,317.04,-349.08,1055.21,343.29,-61.68,938.24,189.05,153.26,801.26,440.40,49.35,815.97,-20.32,76.64,850.51,400.36,38.83,706.80,-12.51,35.11,735.41,514.89,-91.82,422.17,-151.37,-115.80,492.20,523.58,-29.94,59.31,-194.88,-110.14,42.24,
38,1385975694359,16,0,0,528.22,-392.20,1093.47,605.88,-417.99,1019.68,520.52,-410.99,1082.48,378.44,-199.62,1084.51,520.00,-229.06,913.71,294.20,-364.43,1048.19,324.59,-90.75,931.30,187.40,151.77,799.97,452.21,27.63,814.05,-28.18,84.50,849.07,401.11,38.80,705.64,-8.66,30.41,734.01,516.35,-92.06,423.68,-151.15,-117.77,493.51,520.09,-25.26,61.27,-186.98,-100.73,46.47,
39,1385975694392,16,0,0,494.17,-348.05,1088.54,603.69,-413.62,1013.09,510.38,-409.49,1076.72,403.09,-251.02,1084.67,521.37,-243.29,911.07,295.62,-361.20,1084.42,320.21,-98.72,927.54,189.90,161.80,800.48,439.95,41.93,812.60,-19.78,68.13,847.39,392.08,30.22,673.59,-8.88,33.12,732.85,509.29,-112.49,419.53,-152.49,-113.71,492.61,520.09,-25.26,61.27,-186.91,-115.40,39.84,
40,1385975694425,16,0,0,442.06,-297.51,1083.61,585.09,-421.17,1047.72,501.51,-417.41,1071.10,472.12,-334.92,932.47,516.43,-233.91,955.07,295.67,-372.28,1081.41,317.42,-103.14,925.87,193.27,150.84,798.78,451.24,21.09,811.37,-22.20,93.52,883.79,382.95,56.90,699.01,-13.11,47.14,732.67,525.73,-93.54,461.20,-152.13,-113.87,492.54,536.36,-52.66,55.14,-184.73,-117.64,40.53,
41,1385975694459,16,0,0,441.65,-307.07,1081.56,591.27,-434.79,1001.95,506.44,-419.41,1069.25,472.83,-332.70,931.92,447.54,25.46,811.57,284.25,-363.19,1078.88,325.75,-94.06,926.15,193.36,152.92,796.88,404.62,23.97,703.92,-22.52,80.10,845.87,518.19,-88.28,461.62,-4.75,37.32,731.43,535.91,-52.61,55.57,-148.66,-118.93,492.19,487.82,-140.22,-15.32,-183.94,-119.42,40.56,
42,1385975694492,16,0,0,457.28,-371.85,1082.12,586.30,-432.31,998.29,491.26,-426.83,1064.21,409.74,-236.25,1078.91,445.86,27.77,812.45,283.87,-372.37,1039.98,333.29,-87.39,926.97,196.71,158.61,795.88,413.79,28.17,705.45,-20.50,79.38,844.41,521.16,-93.37,460.74,-6.15,44.20,729.34,526.49,-40.05,58.97,-151.78,-111.02,493.18,489.37,-137.80,-14.09,-185.03,-117.33,41.36,
43,1385975694525,16,0,0,472.70,-403.07,1083.23,437.67,38.15,811.77,488.86,-439.44,1061.52,356.16,-147.14,1073.82,371.04,79.88,698.11,293.39,-360.78,1041.27,341.36,-76.94,928.38,204.14,154.87,794.30,361.76,12.11,603.98,-14.65,102.92,845.48,510.99,-117.78,420.30,-15.20,65.24,729.03,516.98,-27.35,62.72,-158.80,-107.12,477.34,485.65,-142.91,-16.06,-184.30,-103.48,49.54,
44,1385975694559,16,0,0,478.90,-421.62,1081.68,441.80,29.72,809.76,488.84,-419.68,1061.53,352.98,-151.30,1070.70,375.68,73.43,695.83,269.78,-366.92,1035.93,333.25,-85.38,925.83,201.92,156.32,792.61,522.01,-98.61,460.23,-3.08,93.70,842.35,493.82,-152.58,376.50,-2.62,47.85,724.26,530.20,-50.36,57.40,-157.02,-105.00,477.50,485.51,-143.09,-14.85,-184.97,-102.02,50.24,
45,1385975694592,16,0,0,507.33,-479.16,1081.45,439.87,34.44,807.88,484.98,-418.25,1060.42,330.43,-122.40,1068.37,433.24,-14.13,708.63,276.25,-350.57,1036.21,317.59,-103.06,921.30,200.53,159.23,789.31,377.78,70.44,693.47,-5.06,116.39,840.20,368.06,13.72,603.35,0.08,46.98,720.72,509.27,-121.88,419.89,-155.80,-111.77,476.18,515.15,-85.69,27.02,-184.58,-102.77,49.98,
46,1385975694625,16,0,0,572.98,-535.54,1076.08,445.59,27.74,804.32,479.73,-418.60,1058.01,296.00,-71.91,1064.19,435.95,-11.44,708.98,261.24,-369.11,1032.08,319.24,-99.77,919.67,204.01,152.96,784.49,366.61,11.01,600.94,-2.86,99.23,835.96,515.66,-130.53,418.52,-7.58,66.18,720.36,516.51,-27.24,62.78,-150.57,-97.08,478.74,504.60,-113.84,0.67,-184.42,-102.95,48.13,
47,1385975694659,16,0,0,544.61,-556.88,1151.75,443.85,30.33,797.46,465.01,-432.12,1054.72,432.95,-356.18,921.46,432.62,-16.27,705.27,259.03,-355.71,1032.07,312.18,-82.37,958.46,205.11,162.62,780.35,362.49,5.72,597.19,-5.06,118.87,866.90,509.44,-126.58,418.01,5.21,50.29,715.06,515.09,-24.82,63.54,-142.08,-83.19,481.22,504.60,-113.84,0.67,-183.76,-105.47,46.80,
48,1385975694692,16,0,0,551.89,-540.70,1109.62,551.37,-445.63,984.55,472.19,-412.12,1054.77,428.10,-357.81,917.86,443.30,10.22,746.73,255.75,-349.65,1065.83,310.55,-81.90,949.16,203.35,164.22,773.31,379.74,23.46,598.38,-2.87,117.94,829.34,517.64,-141.64,415.03,-2.59,71.53,686.36,516.51,-27.24,62.78,-143.27,-88.45,478.94,503.09,-116.21,-0.53,-187.08,-116.79,38.41,
49,1385975694725,16,0,0,542.13,-543.38,1109.63,542.20,-451.44,980.94,451.13,-430.11,1048.75,434.99,-344.66,918.16,444.66,4.61,739.11,249.20,-331.96,1060.59,315.06,-84.77,942.44,210.02,176.42,768.51,369.28,7.83,588.02,-0.77,150.23,860.44,516.84,-138.48,414.63,-1.96,89.78,749.66,516.51,-27.24,62.78,-146.66,-88.86,477.53,501.03,-118.76,-1.94,-180.86,-133.81,33.75,
50,1385975694759,16,0,0,539.96,-535.19,1108.86,536.42,-467.47,975.98,456.33,-427.75,1045.29,421.14,-360.27,910.47,447.03,-0.41,731.19,254.99,-351.02,1022.42,312.05,-79.21,933.53,219.03,176.61,762.30,528.17,-131.78,449.23,5.58,133.63,822.96,489.79,-181.73,368.47,8.69,75.46,705.88,515.09,-24.82,63.54,-160.96,-95.77,472.98,503.13,-116.15,-0.90,-186.36,-105.55,44.07,
51,1385975694792,16,0,0,530.64,-545.50,1104.69,527.49,-454.31,1010.75,454.70,-432.05,1078.35,421.90,-358.87,906.36,449.76,3.19,724.40,252.91,-324.32,1049.55,327.32,-85.01,926.34,226.33,163.61,754.56,364.48,-7.32,571.28,12.08,158.10,854.32,517.63,-144.58,411.50,3.58,94.93,704.60,515.09,-24.82,63.54,-143.10,-78.41,476.88,505.18,-113.61,0.52,-197.08,-115.72,39.48,
52,1385975694825,16,0,0,529.50,-534.28,1101.44,530.56,-460.24,967.28,454.16,-432.25,1035.60,417.64,-365.32,897.83,454.23,-3.88,717.55,253.53,-344.62,1009.46,321.56,-75.70,917.83,240.72,175.56,750.79,518.94,-127.25,446.58,15.78,140.60,815.43,493.51,-188.67,365.72,9.46,78.38,669.99,516.52,-27.24,63.16,-140.51,-102.69,488.01,503.13,-116.15,-0.90,-193.50,-115.56,40.16,
53,1385975694859,16,0,0,533.70,-568.62,1096.52,530.58,-460.75,964.41,454.39,-424.06,1031.33,330.07,-87.87,909.61,463.68,18.65,755.90,256.42,-342.44,1002.79,245.79,190.06,784.86,224.87,137.86,699.18,388.51,11.75,564.97,24.14,166.39,847.36,516.47,-169.40,404.40,15.37,95.97,734.17,516.75,-27.53,64.43,-146.79,-89.62,474.25,501.03,-118.76,-1.94,-197.34,-108.54,41.40,
54,1385975694892,16,0,0,530.75,-556.41,1093.56,533.57,-460.46,960.97,453.37,-434.66,1025.92,421.74,-366.76,887.05,467.72,22.04,751.02,260.95,-334.01,997.40,331.58,-83.78,901.48,246.61,174.73,738.91,380.23,-3.65,555.10,27.94,142.35,806.32,531.82,-158.67,441.32,25.34,92.58,666.92,521.34,-35.88,62.71,-128.00,-107.18,489.04,504.60,-113.84,0.67,-195.25,-113.52,35.78,
55,1385975694925,16,0,0,522.85,-556.45,1088.11,539.15,-492.27,956.10,453.15,-433.37,1020.81,340.03,-92.61,894.40,480.95,8.17,746.76,267.71,-347.85,989.52,236.37,140.13,687.44,244.58,211.38,776.42,458.32,-29.82,655.37,31.66,138.67,803.23,382.67,-8.14,547.80,24.98,95.53,662.96,516.21,-179.49,400.87,-148.96,-110.46,467.89,514.71,-77.80,31.01,-194.46,-96.70,44.01,
56,1385975694959,16,0,0,522.92,-565.56,1085.84,535.27,-478.87,953.33,458.07,-435.70,1017.59,417.04,-384.79,872.24,482.46,9.27,740.56,266.96,-356.30,981.39,343.03,-94.19,886.51,261.34,185.02,732.29,457.67,-39.29,647.22,48.15,167.33,840.29,396.08,1.12,545.92,29.82,106.45,723.71,515.06,-175.77,401.08,-131.77,-115.77,468.65,517.71,-85.93,28.95,-191.88,-104.97,42.02,
57,1385975694992,16,0,0,515.94,-576.00,1081.26,542.94,-496.37,949.07,457.00,-441.20,1012.23,348.11,-95.89,880.77,485.73,11.51,736.35,272.68,-345.92,975.88,266.99,199.21,768.70,256.74,146.16,680.69,395.55,-6.55,539.39,57.04,166.67,837.89,521.29,-145.23,437.26,41.46,95.74,721.26,498.43,-212.69,358.48,-126.39,-96.68,470.86,517.39,-84.14,29.73,-197.20,-119.77,37.41,
58,1385975695025,16,0,0,523.20,-585.33,1077.25,489.02,13.74,732.81,464.35,-445.68,1008.66,359.50,-102.02,875.29,467.17,-47.90,637.36,271.93,-351.68,968.78,252.18,130.11,672.49,275.76,194.27,764.35,408.04,0.84,537.30,77.01,141.04,834.90,523.54,-149.24,435.11,49.94,108.50,720.68,498.12,-220.75,354.47,-118.34,-92.72,470.56,517.39,-84.14,29.73,-196.86,-112.32,41.42,
59,1385975695059,16,0,0,517.63,-586.72,1072.94,550.98,-506.07,943.33,469.81,-446.83,1005.89,362.46,-101.95,869.65,501.80,0.01,729.20,284.83,-351.61,964.43,263.89,134.05,670.48,278.99,194.98,760.75,401.84,-17.99,527.20,63.65,139.69,791.97,533.36,-162.63,430.98,42.97,73.80,647.59,502.99,-222.51,354.04,-114.03,-95.28,469.62,517.39,-84.14,29.73,-205.76,-105.23,45.02,
60,1385975695092,16,0,0,520.77,-585.91,1070.06,492.27,15.97,727.93,466.34,-454.85,1002.28,439.76,-390.83,851.43,468.14,-66.34,625.78,277.48,-355.28,957.59,365.56,-98.95,866.20,285.80,173.85,713.56,414.38,-9.85,526.17,81.95,148.73,828.79,542.30,-177.84,427.80,59.53,101.38,713.88,496.89,-240.65,346.38,-106.99,-87.87,472.51,517.39,-84.14,29.73,-205.54,-108.65,47.46,
61,1385975695125,16,0,0,503.95,-595.69,1064.93,514.65,-13.85,724.16,459.88,-451.07,1000.06,545.95,-495.91,980.67,481.91,-56.23,625.64,282.05,-343.52,955.54,378.40,-102.16,863.59,297.80,176.61,754.65,407.32,-27.70,517.31,84.82,151.26,826.68,547.79,-187.46,425.41,63.54,87.94,646.55,505.54,-234.97,347.80,-106.45,-84.67,472.01,517.57,-84.20,29.95,-212.16,-105.12,48.22,
62,1385975695159,16,0,0,504.56,-632.03,1063.71,523.65,-333.56,765.13,457.38,-460.10,999.13,445.41,-394.57,844.10,506.55,-0.29,723.59,290.46,-345.72,953.70,379.87,-110.75,860.61,298.70,173.78,709.40,484.64,-59.14,622.69,86.07,134.21,785.74,421.12,-15.85,518.76,60.67,70.83,641.17,530.33,-209.09,387.27,-104.64,-90.39,470.95,515.77,-86.65,28.90,-222.24,-105.86,45.70,
63,1385975695192,16,0,0,494.06,-611.15,1062.83,526.46,-336.75,761.20,457.87,-458.40,998.91,375.13,-101.63,858.38,495.55,18.21,723.72,296.04,-330.33,989.01,291.53,187.80,752.35,291.75,139.71,658.53,501.29,-42.65,625.72,92.30,141.88,825.81,425.21,-15.94,517.33,71.44,92.23,707.78,534.91,-196.80,390.07,-97.16,-79.65,473.93,515.77,-86.65,28.90,-228.53,-105.22,45.71,
64,1385975695225,16,0,0,506.66,-597.89,1066.92,517.95,-11.60,719.91,455.79,-463.27,998.79,391.94,-100.05,858.46,496.26,-49.70,623.60,291.24,-349.65,949.06,294.42,180.55,751.35,295.82,141.66,658.39,429.30,-11.40,517.02,96.09,131.54,826.29,536.59,-194.83,390.56,67.04,77.95,643.17,523.13,-38.92,61.85,-94.37,-88.32,473.34,500.21,-120.00,-1.21,-222.00,-134.35,34.77,
65,1385975695259,16,0,0,504.41,-584.17,1067.94,508.27,4.48,717.65,458.31,-456.41,999.21,452.41,-395.84,838.23,497.04,-48.59,621.81,300.51,-339.40,950.48,387.19,-95.77,855.43,299.07,153.79,703.77,429.93,-10.49,516.96,89.42,137.79,827.15,531.23,-188.93,390.14,66.48,73.36,643.35,521.34,-35.88,62.71,-118.37,-109.97,465.86,503.44,-114.97,0.45,-222.40,-137.10,34.19,
66,1385975695292,16,0,0,488.67,-607.11,1066.34,508.17,4.47,714.56,466.97,-465.87,999.29,456.78,-396.47,835.52,499.80,-44.48,620.05,313.52,-330.82,951.27,388.97,-105.93,852.02,297.63,159.87,703.40,429.78,-10.59,515.42,91.09,131.70,786.54,532.28,-192.51,388.91,67.26,64.11,674.66,522.17,-37.34,61.65,-108.20,-121.45,483.35,502.50,-116.44,-0.38,-221.10,-146.27,33.67,
67,1385975695325,16,0,0,484.06,-610.11,1065.24,533.08,-343.55,741.16,467.97,-467.96,998.23,457.01,-399.42,833.29,519.43,-10.49,712.61,314.24,-337.75,948.69,396.21,-105.02,848.66,291.34,160.03,702.30,499.55,-44.28,616.81,90.50,120.77,785.60,438.47,2.77,518.50,65.19,64.50,642.04,533.91,-188.55,389.74,-113.19,-116.82,466.67,513.86,-76.39,30.89,-228.09,-139.77,36.28,
68,1385975695359,0,0,0,
69,1385975695392,0,0,0,
70,1385975695425,16,0,0,487.41,-641.64,1060.39,539.09,-355.31,726.58,474.15,-473.58,997.27,475.56,-390.56,828.68,506.44,6.97,707.72,336.54,-323.13,949.45,398.87,-113.60,842.20,291.43,167.25,698.84,493.20,-46.69,608.96,79.72,104.85,780.20,427.84,-5.57,509.18,57.88,61.82,640.43,534.55,-188.11,389.28,-109.73,-134.10,466.76,517.28,-82.43,29.67,-226.67,-107.56,55.56,
71,1385975695459,16,0,0,484.72,-625.78,1060.63,546.02,-347.09,728.50,476.43,-482.59,998.95,477.87,-387.85,828.49,504.50,6.22,707.39,346.17,-337.77,949.38,401.03,-118.37,841.20,286.82,164.30,697.43,487.87,-51.67,606.78,76.99,107.11,779.45,411.84,-22.34,502.79,59.94,47.49,638.02,532.13,-186.69,389.45,-113.69,-138.63,466.32,516.23,-83.73,29.15,-238.61,-144.87,39.47,
72,1385975695492,0,0,0,
73,1385975695525,0,0,0,
74,1385975695559,0,0,0,
75,1385975695592,16,0,0,457.48,-633.79,1073.35,538.83,-330.82,746.34,446.50,-470.83,1012.19,465.51,-374.57,839.51,496.32,0.21,711.72,315.12,-335.29,997.57,387.28,-99.73,850.88,266.81,168.00,689.28,492.48,-33.20,614.25,66.68,122.06,767.29,413.91,-11.07,506.34,45.08,45.36,626.15,537.84,-197.30,388.79,-119.19,-166.73,477.25,517.38,-84.14,29.39,-238.19,-146.08,38.52,
76,1385975695625,16,0,0,418.14,-624.16,1123.89,529.48,-332.10,754.46,413.72,-479.24,1061.63,457.02,-370.81,846.91,486.64,12.53,711.69,305.84,-343.47,997.64,381.01,-96.81,852.53,266.40,152.35,683.77,485.31,-35.86,614.33,59.57,118.96,791.35,413.83,-11.17,507.02,42.06,52.20,645.39,535.13,-198.74,388.10,-130.17,-149.02,479.31,517.10,-84.92,28.87,-237.40,-148.23,38.07,
77,1385975695659,16,0,0,394.77,-595.55,1129.86,520.02,-330.68,762.52,416.23,-470.02,1021.41,442.37,-374.10,850.74,486.73,12.54,714.42,302.19,-312.45,959.26,370.12,-91.63,853.99,267.05,174.57,682.42,478.35,-43.24,612.37,56.12,128.94,755.13,416.66,-7.07,507.22,39.28,54.88,641.12,533.34,-198.07,387.78,-124.80,-164.81,473.74,515.33,-89.98,27.25,-239.60,-146.12,38.85,
78,1385975695692,16,0,0,386.96,-595.52,1139.89,485.14,11.43,717.91,390.31,-471.33,1072.33,434.78,-365.88,856.00,485.94,-28.63,615.70,287.18,-307.12,959.95,363.43,-92.99,855.16,261.27,157.24,676.15,403.03,-20.21,500.95,63.03,135.23,751.88,532.86,-189.26,389.48,46.07,65.36,613.62,515.06,-25.28,65.19,-125.62,-162.41,473.37,497.75,-124.53,-3.77,-240.48,-150.81,39.58,
79,1385975695725,16,0,0,387.54,-604.76,1147.21,487.07,9.12,723.35,397.01,-444.15,1034.66,420.95,-367.21,861.00,484.11,-23.80,619.16,247.25,-307.10,996.36,350.02,-84.67,856.63,266.63,180.25,678.19,415.64,-1.81,506.10,54.44,120.30,743.18,537.48,-192.07,389.53,45.41,71.40,610.06,516.75,-27.53,64.43,-128.98,-153.94,474.27,489.57,-137.32,-9.88,-244.37,-151.43,39.11,
80,1385975695759,16,0,0,380.43,-601.81,1153.41,479.80,18.46,728.40,362.80,-451.49,1079.02,307.75,-61.22,902.16,479.73,-22.78,622.36,251.36,-305.69,960.18,368.37,-69.66,818.33,253.15,173.65,674.94,416.12,-0.46,507.72,48.49,131.74,739.66,533.63,-184.43,391.12,31.37,70.47,628.50,515.09,-24.82,63.54,-129.37,-151.66,473.54,489.94,-137.42,-9.91,-258.52,-134.67,49.09,
81,1385975695792,16,0,0,357.42,-566.76,1159.37,471.13,27.42,733.48,365.03,-443.45,1040.96,402.50,-357.94,869.28,410.01,-2.49,508.89,238.86,-324.94,957.71,335.50,-79.44,861.05,263.13,181.98,676.41,543.31,-158.16,430.92,34.93,132.73,733.65,517.57,-226.58,347.30,38.98,58.88,624.28,526.53,-40.04,60.34,-132.20,-144.08,474.21,489.94,-137.42,-9.91,-269.46,-139.73,46.10,
82,1385975695825,16,0,0,385.95,-576.29,1125.36,448.58,-472.96,1008.58,334.55,-440.49,1085.80,403.94,-339.41,874.01,479.07,14.79,736.73,228.78,-302.61,958.86,331.91,-90.76,862.31,249.77,172.99,671.01,545.11,-157.75,430.89,39.73,146.88,732.82,518.80,-221.92,348.61,37.35,65.03,620.60,526.51,-40.05,59.65,-132.90,-142.76,474.54,489.94,-137.42,-9.91,-251.73,-119.78,54.57,
83,1385975695859,16,0,0,345.97,-575.09,1171.67,406.85,-456.27,1059.25,332.80,-458.16,1090.17,385.82,-348.21,876.77,473.24,21.57,740.70,226.85,-284.13,961.52,321.89,-92.06,863.01,252.15,178.24,670.93,408.66,-2.98,511.84,32.40,133.17,723.38,538.96,-189.69,390.98,35.29,69.12,616.97,526.53,-40.04,60.34,-129.67,-151.62,473.57,497.64,-128.01,-5.74,-248.68,-127.21,53.55,
84,1385975695892,16,0,0,327.98,-556.66,1177.88,420.20,-497.94,1067.82,311.27,-447.69,1095.60,371.32,-351.78,877.86,477.53,9.68,741.99,202.49,-311.07,998.97,304.55,-83.02,863.02,257.28,182.54,669.09,409.82,-1.40,514.38,36.89,149.25,720.82,538.59,-189.08,390.75,40.23,61.13,611.24,526.53,-40.04,60.34,-123.81,-167.12,471.17,498.75,-126.63,-5.86,-248.28,-163.10,37.48,
85,1385975695925,16,0,0,324.61,-581.44,1189.12,396.79,-485.25,1076.90,299.81,-459.37,1101.89,363.34,-346.11,882.16,469.71,19.16,745.26,194.55,-323.88,1000.76,298.16,-75.11,865.12,247.14,180.30,663.65,551.52,-163.19,430.04,30.16,151.35,743.34,517.57,-226.58,347.30,35.43,68.37,607.48,518.63,-30.07,63.30,-128.84,-159.82,471.21,498.75,-126.63,-5.86,-253.35,-155.62,39.56,
86,1385975695959,16,0,0,308.91,-589.91,1201.49,372.17,-474.32,1088.48,278.26,-457.03,1108.27,355.44,-334.28,888.39,474.21,3.68,749.04,192.79,-282.63,967.73,294.50,-84.58,866.04,240.81,173.17,660.10,419.63,12.31,521.87,27.94,155.73,736.45,542.96,-189.76,391.67,37.75,65.97,602.95,533.02,-54.94,59.39,-138.17,-145.97,473.53,499.96,-125.12,-4.45,-249.05,-113.99,58.12,
87,1385975695992,16,0,0,275.41,-566.42,1211.76,351.78,-475.25,1099.10,249.26,-447.79,1115.48,300.97,-429.58,977.37,460.07,12.65,753.75,152.89,-311.20,1003.49,276.03,-67.85,867.25,246.54,177.77,658.15,455.49,-20.22,646.63,33.23,151.54,702.15,409.36,-2.56,518.50,39.80,61.81,599.15,541.40,-192.04,391.04,-138.83,-148.89,473.12,516.58,-89.78,28.14,-257.70,-147.58,41.58,
88,1385975696025,16,0,0,253.26,-571.83,1223.22,330.12,-476.68,1110.41,225.64,-449.50,1121.49,271.08,-408.13,983.37,454.70,12.70,757.90,152.19,-277.35,970.89,241.86,-78.27,908.39,251.15,184.14,659.33,463.87,-3.91,654.79,32.84,160.64,699.15,410.28,-1.16,521.27,40.00,60.54,597.49,547.62,-187.45,393.22,-134.73,-160.81,472.08,517.99,-85.84,30.38,-253.35,-155.62,39.56,
89,1385975696059,16,0,0,228.09,-574.35,1235.16,315.95,-492.48,1122.26,197.10,-444.20,1129.29,242.47,-387.73,990.38,455.35,-1.09,761.88,117.29,-310.37,1007.73,250.10,-65.39,872.64,246.61,186.23,661.03,450.04,-19.32,654.87,26.07,158.94,694.07,409.79,-1.76,525.40,36.12,65.99,597.88,542.86,-185.81,396.13,-143.81,-147.59,473.87,517.96,-85.89,31.09,-246.74,-118.23,57.76,
90,1385975696092,16,0,0,196.64,-566.65,1243.88,283.85,-476.85,1133.09,170.42,-440.51,1135.74,214.98,-370.65,995.71,448.80,-3.12,768.49,97.05,-304.97,1009.93,238.54,-71.17,874.93,243.11,176.31,660.02,410.28,-0.97,528.65,21.16,152.19,691.69,540.43,-200.02,394.73,29.89,75.08,599.60,515.54,-32.56,69.16,-155.02,-129.21,477.15,495.98,-131.24,-4.50,-252.83,-129.81,53.37,
91,1385975696125,16,0,0,157.63,-538.28,1251.78,249.73,-454.69,1141.06,150.93,-446.57,1141.79,195.72,-370.71,1002.69,440.07,-0.91,774.86,72.04,-295.66,1011.10,207.38,-85.30,922.93,230.37,191.72,710.33,406.67,-2.78,534.16,21.42,155.71,693.49,530.80,-194.14,397.54,25.18,73.92,571.30,527.97,-54.96,65.08,-149.29,-145.63,475.72,497.36,-129.72,-1.20,-262.69,-133.24,50.90,
92,1385975696159,16,0,0,137.60,-538.20,1260.17,222.68,-446.85,1148.52,119.02,-429.76,1145.44,174.36,-368.95,1008.65,336.53,-403.72,970.12,55.36,-296.53,1013.25,187.06,-74.83,925.97,234.81,170.80,666.84,438.98,-12.26,782.92,17.58,146.69,730.84,404.50,-1.64,539.71,26.92,65.58,601.45,532.28,-193.90,400.87,-158.42,-136.89,476.68,517.63,-86.10,35.45,-263.26,-134.00,49.81,
93,1385975696192,16,0,0,106.11,-530.57,1266.39,201.49,-448.28,1156.68,102.23,-442.00,1148.68,159.38,-376.24,1015.29,289.75,-360.37,1025.38,54.77,-270.09,981.75,173.99,-76.63,932.32,237.06,186.04,675.34,429.09,-6.31,789.38,17.13,160.54,697.65,530.42,-193.52,402.93,21.22,66.08,605.25,527.97,-54.96,65.08,-159.98,-138.89,477.30,497.73,-131.62,1.76,-262.27,-133.51,50.06,
94,1385975696225,16,0,0,71.01,-509.38,1269.90,184.76,-456.73,1163.73,67.00,-414.20,1150.01,132.13,-357.97,1019.08,263.36,-349.81,1033.32,36.05,-251.12,984.40,153.48,-60.94,935.25,208.79,192.79,727.73,410.95,9.66,798.40,8.94,162.75,701.74,528.63,-175.62,409.02,1.34,92.86,610.99,525.74,-51.86,67.10,-159.11,-147.91,476.73,495.95,-134.42,0.35,-251.98,-122.11,54.56,
95,1385975696259,16,0,0,55.47,-521.05,1277.46,147.68,-426.15,1168.20,45.80,-413.65,1153.37,115.21,-360.11,1026.28,240.21,-344.75,1041.54,-0.37,-291.96,1015.54,149.90,-78.42,942.72,196.22,201.19,733.86,401.84,14.77,806.22,-1.36,161.76,704.23,520.55,-182.28,408.97,13.29,61.55,609.80,527.83,-54.65,66.57,-171.92,-129.41,480.11,488.59,-145.89,-3.58,-239.26,-119.70,56.89,
96,1385975696292,16,0,0,30.59,-520.32,1281.96,126.11,-428.21,1175.56,27.19,-425.38,1158.66,99.06,-366.31,1033.44,225.99,-344.30,1051.46,-1.60,-244.37,986.60,136.88,-79.60,946.88,211.40,193.71,693.57,401.95,2.05,812.47,-11.73,147.48,742.48,518.87,-140.03,454.22,-0.31,77.37,613.73,517.50,-35.08,70.80,-169.37,-141.36,478.53,489.50,-144.45,-2.77,-255.84,-134.26,49.46,
97,1385975696325,16,0,0,5.84,-526.15,1288.11,114.76,-454.22,1185.60,5.33,-426.27,1162.88,81.22,-369.02,1041.40,201.34,-344.55,1060.78,-24.61,-259.44,986.45,123.25,-77.44,951.67,196.54,183.05,696.96,388.03,11.23,817.91,-8.96,158.83,709.29,514.43,-164.63,416.92,-8.35,78.74,614.79,517.50,-35.08,70.80,-180.95,-126.87,479.36,485.40,-151.55,-5.90,-245.33,-127.41,52.57,
98,1385975696359,16,0,0,-28.14,-507.76,1292.79,71.84,-411.96,1191.86,-22.78,-420.24,1169.07,62.51,-366.32,1049.10,175.06,-335.29,1070.87,-63.23,-267.40,1017.39,108.80,-75.44,957.91,191.68,182.19,701.02,401.38,-2.16,772.27,-20.10,163.38,713.10,512.82,-156.13,418.81,-11.69,71.04,615.62,515.83,-32.36,69.52,-163.27,-103.11,471.08,487.07,-148.94,-4.94,-259.65,-150.42,41.43,
99,1385975696392,16,0,0,-37.23,-541.67,1303.60,48.10,-415.36,1202.73,-46.57,-417.52,1175.55,41.19,-357.96,1058.14,154.86,-320.84,1082.01,-52.20,-231.74,993.35,104.54,-85.77,960.66,188.19,196.37,707.46,386.74,-7.40,825.89,-32.68,155.39,712.52,521.03,-152.23,420.43,-17.19,66.52,617.67,529.08,-49.58,62.86,-173.67,-111.17,469.83,488.74,-146.33,-3.98,-259.75,-150.51,40.31,
100,1385975696425,16,0,0,-63.31,-541.53,1311.49,24.64,-408.67,1211.72,-70.58,-416.42,1182.55,17.89,-344.54,1065.96,142.68,-318.31,1093.12,-72.21,-222.76,994.99,88.12,-73.77,966.84,176.57,184.30,708.43,382.64,-10.98,827.11,-31.84,173.36,717.44,504.22,-142.90,420.33,-17.24,53.01,616.79,531.17,-52.36,62.33,-188.32,-115.05,467.39,494.02,-138.77,-3.30,-251.36,-142.08,42.74,
101,1385975696459,0,0,0,
102,1385975696492,16,0,0,-138.03,-475.74,1322.66,-26.43,-401.69,1230.95,-123.89,-408.53,1196.07,-24.93,-337.40,1080.91,95.30,-304.20,1115.90,-108.50,-217.36,998.13,58.76,-64.31,974.02,166.27,170.83,711.76,361.63,-6.50,837.44,-51.30,157.69,712.64,509.83,-148.30,420.14,-38.50,71.11,618.58,519.18,-30.08,66.35,-196.96,-150.52,477.09,490.44,-143.89,-8.40,-253.75,-137.89,41.72,
103,1385975696525,16,0,0,-150.09,-503.82,1333.12,-52.81,-397.34,1238.85,-155.13,-399.68,1202.67,-61.83,-303.84,1085.77,71.89,-290.88,1127.58,-125.75,-210.71,999.67,65.10,-40.50,938.86,162.08,163.63,713.84,356.45,-17.00,842.35,-63.55,165.67,711.17,500.88,-144.39,421.88,-30.61,45.11,618.21,526.64,-40.03,63.82,-196.85,-118.66,469.61,488.18,-146.12,-12.16,-247.93,-124.71,46.13,
104,1385975696559,16,0,0,-178.44,-499.17,1340.20,-78.31,-400.85,1246.78,-184.08,-394.04,1206.77,-57.13,-363.76,1095.72,47.07,-284.38,1138.30,-176.64,-225.23,1023.00,25.22,-52.47,980.00,154.16,163.53,717.60,358.95,-40.39,847.04,-66.01,139.20,742.24,494.38,-146.93,421.02,-39.77,55.32,621.25,517.85,-27.83,67.06,-201.22,-119.14,469.61,486.32,-149.03,-13.27,-238.11,-114.76,49.74,
105,1385975696592,16,0,0,-213.60,-479.66,1345.10,-116.63,-372.16,1250.30,-203.40,-410.60,1211.39,-101.42,-317.51,1101.21,22.63,-282.48,1146.97,-199.51,-210.57,1020.58,39.60,-39.89,946.94,145.14,164.34,722.77,342.18,-32.39,853.07,-76.46,160.70,712.05,485.91,-160.53,418.59,-48.37,58.42,624.53,517.85,-27.83,67.06,-209.00,-123.01,470.05,488.59,-146.21,-11.74,-240.22,-115.43,49.08,
106,1385975696625,16,0,0,-245.47,-467.21,1350.45,-138.81,-381.89,1257.40,-240.63,-380.48,1214.53,-121.00,-315.84,1107.53,-7.19,-271.26,1155.80,-188.44,-167.81,998.70,-8.01,-36.88,989.38,137.46,155.95,727.69,343.85,-54.35,859.99,-72.40,161.35,716.50,485.36,-153.68,422.35,-44.26,42.45,627.57,532.81,-47.75,62.27,-216.32,-119.67,469.95,488.59,-146.21,-11.74,-238.44,-120.32,47.59,
107,1385975696659,16,0,0,-270.62,-461.28,1356.70,-168.03,-362.65,1262.11,-264.87,-379.86,1219.12,-148.84,-297.64,1112.32,-1.20,-299.24,1131.82,-237.09,-190.42,1021.78,-16.34,-43.98,995.12,129.98,147.01,732.81,325.63,-48.63,864.98,-76.86,151.73,718.08,479.35,-150.88,422.61,-52.13,65.76,603.34,534.66,-50.65,62.46,-216.74,-124.43,470.51,488.59,-146.21,-11.74,-248.13,-127.08,43.98,
108,1385975696692,16,0,0,-308.53,-419.03,1359.28,-197.18,-344.29,1268.33,-292.76,-362.78,1224.15,-165.37,-296.66,1118.28,-25.15,-287.36,1141.30,-253.28,-182.90,1023.38,-18.61,-57.98,1000.21,131.45,147.19,741.08,327.64,-69.38,869.16,-84.37,151.30,722.74,470.30,-147.96,423.69,-45.85,67.50,608.98,527.92,-41.60,66.00,-229.21,-126.59,469.98,490.62,-143.94,-9.21,-258.48,-133.08,40.29,
109,1385975696725,16,0,0,-329.24,-418.37,1365.50,-221.53,-328.77,1274.72,-318.41,-338.32,1229.10,-186.24,-282.75,1124.37,-78.73,-245.53,1179.52,-236.16,-145.77,1000.70,-7.38,-29.96,968.44,137.37,139.56,748.99,320.86,-77.31,873.34,-85.53,145.89,725.12,469.53,-151.65,423.93,-56.88,36.82,639.39,520.37,-31.54,68.62,-215.74,-107.45,476.41,491.39,-142.70,-8.04,-260.08,-131.52,39.85,
110,1385975696759,16,0,0,-361.69,-369.33,1370.95,-243.13,-308.45,1280.65,-339.40,-316.86,1233.48,-210.40,-256.80,1130.80,-62.36,-267.65,1155.53,-249.71,-140.04,1002.78,-15.21,-22.72,972.58,138.90,123.37,752.87,305.76,-76.33,826.60,-95.22,144.73,728.41,466.94,-145.84,426.21,-64.26,57.93,614.23,518.43,-29.46,69.37,-236.96,-123.90,471.77,491.98,-141.47,-7.16,-259.42,-132.84,38.97,
111,1385975696792,16,0,0,-370.12,-369.60,1379.61,-257.68,-296.14,1284.88,-350.58,-314.44,1239.94,-225.31,-245.32,1135.89,-77.04,-257.78,1161.10,-287.62,-153.12,1027.65,-27.89,-19.51,974.91,124.76,117.39,755.96,300.30,-84.29,830.34,-90.52,141.93,732.02,460.95,-146.89,426.29,-71.15,40.59,646.07,522.41,-36.78,67.73,-237.16,-119.52,473.35,506.24,-119.74,2.70,-259.42,-132.84,38.97,
112,1385975696826,16,0,0,-383.66,-356.42,1386.33,-277.45,-271.81,1289.05,-370.71,-283.84,1243.64,-228.77,-258.15,1139.65,-74.84,-224.81,1129.73,-283.97,-122.27,1004.65,-39.59,-40.58,976.23,113.00,115.68,758.38,298.95,-99.57,831.93,-100.47,138.53,734.06,290.78,-49.20,650.35,-72.58,38.78,618.54,454.02,-140.13,426.86,-243.72,-131.90,471.77,516.87,-79.57,35.59,-259.42,-132.84,38.97,
113,1385975696860,16,0,0,-397.31,-342.17,1392.91,-290.33,-254.37,1291.83,-350.90,-245.48,1222.25,-235.41,-264.12,1145.62,-76.98,-234.69,1136.89,-295.84,-156.23,1030.05,-36.68,-35.12,980.65,117.54,116.40,764.57,297.80,-102.72,832.83,-91.77,127.56,736.63,284.93,-56.95,653.05,-80.86,40.39,651.21,452.36,-156.09,424.46,-248.37,-121.83,473.10,519.62,-84.21,34.43,-251.43,-123.53,42.29,
114,1385975696893,16,0,0,-407.67,-328.76,1398.80,-297.69,-251.45,1295.14,-388.13,-272.57,1250.76,-251.89,-252.97,1147.22,-118.08,-239.52,1174.01,-283.63,-107.09,1007.99,-45.73,-34.40,981.95,119.95,101.99,767.56,291.18,-111.09,834.78,-100.15,121.18,773.42,448.95,-152.49,425.39,-74.41,34.77,624.74,525.76,-41.84,66.54,-249.15,-123.51,472.75,506.38,-119.55,3.52,-254.01,-116.48,43.95,
115,1385975696926,16,0,0,-419.62,-310.58,1403.98,-308.53,-243.22,1296.47,-377.28,-233.64,1228.70,-270.87,-232.19,1149.43,-117.26,-264.61,1179.31,-295.38,-99.31,1007.02,-58.42,-45.79,981.92,115.47,91.91,771.00,281.05,-128.61,835.27,-96.95,131.46,744.46,446.69,-142.00,428.14,-86.09,33.53,625.89,526.80,-40.01,68.68,-251.08,-110.69,474.86,504.29,-122.16,2.48,-259.40,-136.27,36.45,
116,1385975696960,16,0,0,-430.30,-306.24,1409.24,-316.34,-243.02,1298.82,-412.22,-244.12,1253.95,-272.58,-250.29,1153.42,-112.30,-224.91,1148.91,-304.29,-92.70,1006.71,-59.50,-39.12,985.18,107.67,79.92,773.31,279.12,-134.95,835.68,-104.19,127.68,745.94,450.00,-143.95,429.46,-90.86,26.87,658.50,532.68,-47.26,66.99,-265.11,-123.47,470.29,498.40,-131.37,-1.44,-267.51,-136.51,34.62,
117,1385975696993,16,0,0,-442.13,-294.62,1411.44,-329.83,-225.71,1299.50,-393.75,-201.46,1232.00,-289.19,-233.90,1153.04,-123.18,-223.02,1151.22,-310.63,-94.39,1007.44,-61.74,-36.76,986.69,104.20,73.34,776.36,272.74,-132.94,835.55,-107.99,108.77,748.15,435.15,-147.74,426.90,-92.59,32.45,632.56,534.78,-50.05,66.46,-265.83,-119.71,469.83,500.11,-132.71,-1.36,-258.06,-127.56,37.12,
118,1385975697026,16,0,0,-466.15,-242.12,1408.91,-337.64,-222.36,1300.22,-436.31,-214.55,1255.60,-297.45,-234.89,1153.50,-131.97,-224.53,1152.92,-336.66,-130.97,1029.43,-75.85,-49.34,985.98,105.86,63.00,778.80,262.30,-154.27,832.26,-112.28,89.05,783.79,438.65,-141.27,429.23,-99.57,31.18,634.27,532.68,-47.26,66.99,-266.19,-106.56,471.15,504.86,-127.87,1.35,-242.40,-106.09,44.80,
119,1385975697059,16,0,0,-468.71,-251.68,1412.83,-342.29,-225.31,1302.58,-438.16,-221.99,1258.16,-302.70,-242.24,1155.89,-144.82,-234.62,1153.86,-330.31,-103.28,1006.46,-78.46,-51.75,987.52,98.90,72.63,782.41,255.95,-158.23,830.42,-110.72,103.37,755.57,424.48,-141.10,428.01,-103.50,19.98,634.15,521.59,-33.58,71.71,-277.01,-113.27,468.96,504.86,-127.87,1.35,-250.48,-134.67,26.54,
120,1385975697092,16,0,0,-476.11,-237.61,1414.92,-322.84,-189.50,1277.25,-421.79,-191.70,1236.80,-311.31,-240.86,1160.09,-156.05,-237.20,1154.79,-351.91,-131.24,1030.46,-89.77,-61.73,986.44,87.16,59.55,781.44,261.59,-160.29,831.55,-121.58,98.34,756.27,259.59,-85.46,669.21,-102.18,17.61,637.89,423.13,-138.87,429.14,-295.72,-161.56,468.71,519.85,-87.68,36.83,-251.92,-132.28,27.50,
121,1385975697126,16,0,0,-442.73,-218.96,1395.88,-325.12,-193.91,1280.86,-452.30,-206.35,1260.02,-305.76,-185.24,1135.57,-160.08,-229.06,1156.91,-342.43,-91.91,1009.45,-93.58,-61.71,987.50,76.70,51.60,782.08,250.11,-171.56,828.59,-126.91,95.90,758.90,422.33,-129.76,432.26,-112.05,18.83,639.42,531.58,-52.64,69.21,-299.02,-139.77,461.39,494.61,-138.09,-0.71,-248.77,-140.90,25.58,
122,1385975697160,16,0,0,-486.42,-221.75,1419.42,-339.86,-190.27,1279.80,-455.77,-202.08,1262.39,-301.08,-196.81,1138.75,-164.93,-231.83,1158.40,-349.36,-101.34,1010.55,-95.00,-78.05,987.44,72.84,47.33,784.07,241.28,-169.22,827.17,-129.13,92.59,761.16,417.93,-126.65,433.22,-112.46,23.73,642.00,531.58,-52.64,69.21,-305.65,-128.61,461.08,495.82,-134.57,1.42,-248.77,-140.90,25.58,
123,1385975697193,16,0,0,-451.57,-207.10,1401.85,-344.51,-186.77,1280.86,-435.90,-172.20,1241.84,-316.70,-198.17,1141.22,-174.45,-239.17,1159.44,-357.70,-104.16,1012.56,-107.11,-74.89,986.78,68.61,45.47,785.36,233.25,-189.59,824.38,-132.51,88.75,763.12,405.55,-127.95,431.09,-127.13,7.72,640.72,531.58,-52.64,69.21,-301.53,-120.66,465.22,494.99,-135.12,1.46,-248.87,-140.57,26.24,
124,1385975697226,16,0,0,-454.38,-199.60,1405.28,-342.86,-186.03,1285.48,-458.00,-193.08,1268.63,-318.18,-191.47,1143.81,-184.63,-247.96,1160.39,-385.93,-126.54,1083.56,-111.60,-82.57,986.67,67.36,45.59,787.55,223.04,-183.30,823.18,-143.58,79.70,763.65,407.58,-124.36,432.38,-135.29,-1.84,640.11,531.58,-52.64,69.21,-313.10,-128.48,462.71,494.99,-135.12,1.46,-248.72,-115.94,40.60,
125,1385975697260,16,0,0,-459.79,-196.35,1409.07,-345.99,-189.56,1287.79,-455.91,-192.51,1273.82,-316.31,-195.67,1148.86,-178.31,-243.45,1163.08,-380.38,-124.88,1087.56,-110.02,-89.68,988.07,63.30,42.49,787.94,226.11,-183.43,823.07,-148.68,89.65,765.29,408.59,-118.75,433.79,-148.58,-10.57,638.13,517.05,-27.49,73.79,-314.42,-129.05,462.89,500.95,-125.81,5.38,-259.47,-127.72,35.37,
126,1385975697293,16,0,0,-456.27,-199.55,1413.92,-340.51,-185.70,1291.55,-444.51,-176.69,1252.78,-315.45,-206.73,1150.70,-169.54,-229.34,1165.69,-360.50,-104.47,1022.20,-105.46,-80.27,989.67,60.55,41.76,788.45,223.77,-181.05,822.10,-154.57,56.47,793.69,398.76,-126.61,430.08,-144.49,-9.66,640.51,520.53,-32.17,71.86,-318.74,-131.40,462.44,502.70,-123.08,6.40,-261.19,-129.73,35.64,
127,1385975697326,16,0,0,-451.54,-184.55,1418.26,-340.06,-181.62,1295.52,-442.22,-177.59,1258.63,-322.82,-197.42,1155.43,-175.41,-238.85,1166.90,-362.71,-110.44,1027.32,-101.48,-75.66,990.84,60.95,41.95,790.61,222.53,-187.21,820.50,-157.29,67.34,766.31,201.47,-136.32,661.28,-139.52,0.37,644.79,413.20,-117.66,434.04,-319.43,-176.37,463.08,519.38,-85.21,36.35,-260.64,-130.82,35.40,
128,1385975697360,16,0,0,-452.87,-200.23,1425.10,-334.92,-184.87,1300.35,-437.80,-176.54,1264.92,-305.53,-200.38,1159.28,-174.49,-247.89,1167.69,-357.04,-110.99,1030.50,-105.65,-83.84,989.75,57.89,37.15,790.46,224.06,-187.93,819.89,-167.14,57.25,765.12,406.70,-105.89,435.45,-147.01,-12.28,643.18,534.31,-50.02,66.15,-319.87,-175.06,463.38,493.47,-137.50,-1.85,-260.95,-133.44,35.66,
129,1385975697392,16,0,0,-439.80,-201.37,1432.39,-329.70,-185.47,1304.60,-434.89,-184.30,1270.99,-310.24,-208.24,1163.47,-163.16,-237.18,1169.95,-357.33,-115.72,1034.95,-109.95,-82.19,989.42,54.30,23.13,789.20,218.83,-204.72,816.42,-164.44,60.82,767.27,404.79,-108.48,434.51,-145.98,-9.88,644.60,534.31,-50.02,66.15,-322.88,-166.30,464.46,498.27,-131.53,-0.37,-260.76,-133.94,35.61,
130,1385975697426,16,0,0,-429.61,-196.56,1437.84,-326.68,-208.60,1309.51,-423.85,-201.30,1306.09,-304.20,-199.93,1165.98,-162.06,-245.29,1170.71,-376.54,-135.53,1108.37,-102.82,-78.58,990.46,56.03,26.50,790.98,218.78,-183.58,819.09,-155.09,74.74,771.75,399.92,-112.35,433.08,-149.27,-12.80,644.53,532.75,-46.68,66.21,-330.71,-152.77,457.78,500.99,-130.59,-0.78,-266.87,-137.97,33.77,
131,1385975697460,16,0,0,-414.12,-216.98,1446.11,-315.20,-204.10,1313.06,-419.13,-187.88,1282.81,-296.75,-217.45,1169.24,-155.32,-240.03,1171.36,-351.57,-120.81,1042.57,-102.94,-82.05,990.35,52.16,24.88,791.73,220.67,-190.26,817.79,-162.60,66.73,800.41,408.68,-113.23,433.50,-148.52,-9.70,645.81,520.12,-24.75,70.73,-326.20,-147.55,459.52,503.32,-127.70,0.50,-267.11,-137.32,33.99,
132,1385975697493,16,0,0,-408.99,-219.05,1450.28,-306.70,-191.37,1315.50,-416.20,-191.50,1287.73,-302.01,-206.32,1171.72,-146.13,-238.57,1172.97,-341.04,-112.91,1046.79,-109.76,-92.38,988.37,47.70,18.77,791.45,216.51,-198.46,817.16,-162.59,66.74,800.86,412.06,-117.73,432.87,-146.19,-12.95,669.36,532.32,-41.24,66.74,-318.57,-141.65,461.50,511.40,-117.63,5.54,-267.11,-137.32,33.99,
133,1385975697526,16,0,0,-396.89,-213.11,1454.41,-304.50,-194.72,1318.62,-408.54,-188.35,1291.25,-286.60,-199.45,1175.54,-146.47,-246.40,1172.24,-345.40,-116.98,1048.32,-99.64,-86.29,990.01,51.08,21.26,792.20,218.16,-213.76,815.79,-149.48,66.80,774.14,410.59,-113.08,433.78,-146.19,-12.95,669.36,530.21,-37.72,66.89,-318.91,-140.67,461.57,510.21,-119.53,3.73,-267.58,-136.37,34.28,
134,1385975697560,16,0,0,-390.69,-216.02,1456.44,-303.97,-205.94,1319.81,-405.97,-206.04,1296.39,-296.64,-227.55,1174.92,-144.30,-248.34,1172.35,-340.25,-119.07,1051.91,-92.19,-93.89,990.81,55.87,25.54,793.65,206.13,-137.96,663.48,-149.19,66.12,774.41,405.47,-116.79,432.02,-147.04,-10.85,670.26,530.21,-37.72,66.89,-326.10,-147.47,459.41,506.09,-125.26,0.18,-265.64,-141.34,32.95,
135,1385975697593,16,0,0,-388.99,-235.30,1459.98,-297.59,-207.44,1323.58,-404.03,-212.12,1323.58,-277.31,-212.11,1178.16,-137.40,-247.67,1173.42,-336.84,-117.84,1053.84,-88.36,-92.57,991.41,54.56,26.23,793.70,209.75,-133.29,664.55,-153.41,62.29,773.24,405.47,-116.79,432.02,-146.78,-10.77,670.19,537.72,-47.72,64.09,-324.61,-145.74,459.74,508.20,-122.63,1.29,-265.82,-140.86,33.00,
136,1385975697626,16,0,0,-385.11,-236.90,1461.91,-288.67,-202.87,1324.96,-383.67,-183.15,1299.47,-279.09,-214.07,1178.04,-133.50,-246.45,1172.79,-341.10,-123.95,1054.78,-86.46,-91.69,991.78,54.05,27.32,793.97,228.34,-199.59,816.88,-149.58,67.52,774.78,408.84,-112.60,432.96,-144.81,-12.23,670.84,539.81,-50.51,63.48,-322.38,-161.23,464.83,508.20,-122.63,1.29,-266.20,-139.92,32.74,
137,1385975697659,16,0,0,-377.99,-233.44,1462.61,-278.43,-201.96,1327.00,-378.88,-189.57,1301.92,-289.32,-226.98,1177.16,-139.06,-249.43,1171.45,-332.70,-115.18,1056.02,-95.87,-91.44,990.07,56.93,29.64,795.05,224.70,-206.54,815.52,-149.92,67.91,774.92,404.67,-105.48,433.81,-138.97,-22.41,670.35,539.81,-49.23,63.56,-321.16,-163.23,464.61,508.20,-122.63,1.29,-266.29,-139.67,33.01,
138,1385975697692,16,0,0,-374.70,-238.83,1462.82,-287.13,-204.58,1325.94,-386.08,-199.24,1302.55,-283.40,-224.12,1178.67,-131.02,-239.06,1172.15,-338.24,-125.28,1055.06,-97.94,-89.19,989.62,57.60,30.48,795.30,224.70,-206.54,815.52,-149.92,67.91,774.92,406.98,-111.43,432.85,-138.47,-23.65,670.13,525.97,-83.33,33.09,-322.08,-161.31,464.98,59.65,243.04,633.41,-266.29,-139.67,33.01,
139,1385975697726,16,0,0,-370.11,-229.35,1463.37,-286.33,-207.45,1325.63,-389.74,-201.89,1302.21,-273.60,-210.06,1178.87,-132.80,-243.79,1171.05,-345.88,-135.04,1053.73,-97.59,-90.02,989.14,57.07,30.05,795.30,222.59,-206.20,815.25,-148.18,66.34,775.03,403.20,-114.92,431.73,-144.83,-14.24,646.02,531.98,-35.72,66.73,-321.59,-161.99,464.62,511.97,-117.60,1.79,-266.29,-139.67,33.01,
140,1385975697760,16,0,0,-375.95,-232.98,1462.54,-286.81,-208.53,1325.24,-392.24,-199.05,1301.91,-272.29,-210.31,1178.77,-132.07,-241.22,1170.85,-347.22,-138.95,1053.25,-97.61,-90.33,988.38,47.38,24.27,793.10,227.74,-213.48,815.33,-148.90,68.39,774.88,406.69,-117.42,431.43,-144.72,-14.56,645.39,528.37,-29.02,67.53,-321.59,-161.99,464.62,511.44,-119.13,0.74,-266.29,-139.67,33.01,
141,1385975697792,16,0,0,-378.87,-230.87,1462.07,-290.58,-202.93,1324.70,-393.40,-200.25,1301.44,-273.62,-210.02,1177.92,-126.93,-241.49,1171.44,-347.22,-139.28,1052.46,-92.10,-85.27,988.68,45.71,22.16,792.22,228.82,-209.19,816.13,-149.79,67.54,774.10,413.56,-117.17,432.62,-144.15,-15.37,644.95,528.37,-29.02,67.53,-321.16,-163.23,464.61,511.44,-119.13,0.74,-266.22,-139.58,32.42,
142,1385975697826,16,0,0,-376.85,-233.57,1462.30,-286.89,-194.90,1324.53,-390.94,-202.18,1301.03,-285.45,-213.95,1175.90,-136.77,-255.86,1169.64,-332.82,-124.61,1053.77,-92.91,-85.27,988.16,47.19,19.79,792.15,200.03,-142.07,660.96,-149.79,67.54,774.10,411.05,-112.44,433.61,-144.70,-14.37,644.95,528.37,-29.02,67.53,-321.16,-163.23,464.61,511.44,-119.13,0.74,-266.22,-139.58,32.42,
143,1385975697859,16,0,0,-379.56,-241.15,1461.16,-283.54,-196.65,1324.87,-392.48,-201.04,1299.97,-289.32,-220.27,1174.79,-136.02,-249.37,1169.59,-336.28,-120.52,1052.57,-91.76,-83.84,988.07,46.68,20.88,792.43,200.03,-142.07,660.96,-154.77,61.85,772.94,408.54,-110.68,433.60,-146.28,-15.87,644.05,527.16,-27.31,68.84,-321.16,-163.23,464.61,513.53,-116.53,1.78,-267.48,-136.12,33.26,
144,1385975697892,16,0,0,-384.77,-232.65,1458.98,-286.30,-192.45,1324.36,-393.31,-193.97,1299.07,-289.05,-216.40,1174.48,-133.95,-248.05,1170.02,-343.49,-128.48,1050.51,-90.94,-83.27,988.54,50.81,24.78,793.21,211.18,-129.56,664.17,-153.84,60.50,773.01,408.78,-110.69,433.62,-146.14,-15.84,644.07,525.34,-24.89,69.57,-322.23,-160.14,464.71,511.44,-119.13,0.74,-267.48,-136.12,33.26,
145,1385975697926,16,0,0,-390.06,-233.41,1458.31,-288.27,-202.19,1324.61,-389.17,-183.27,1299.62,-288.89,-210.73,1173.99,-133.32,-246.93,1170.11,-337.30,-120.54,1051.29,-89.85,-81.58,988.83,56.93,29.64,795.05,-330.81,-127.00,453.21,-151.91,57.36,772.83,405.31,-111.93,432.90,-148.02,-11.24,644.42,527.16,-27.31,68.84,-321.31,-162.06,464.33,511.44,-119.13,0.74,-267.47,-136.18,33.02,
146,1385975697959,16,0,0,-392.08,-245.95,1458.61,-291.69,-195.45,1324.44,-389.12,-181.27,1299.70,-282.15,-200.35,1174.63,-137.63,-248.84,1169.68,-336.95,-118.75,1050.93,-92.36,-83.92,988.66,52.75,22.07,793.50,-330.81,-127.00,453.21,-146.68,62.51,774.51,410.03,-109.03,434.60,-149.56,-7.47,644.74,527.16,-27.31,68.84,-320.72,-162.39,464.70,511.44,-119.13,0.74,-267.47,-136.18,33.02,
147,1385975697992,16,0,0,-387.56,-235.84,1458.67,-305.34,-207.30,1323.05,-403.86,-201.84,1296.69,-278.19,-203.76,1175.07,-142.80,-253.66,1169.00,-336.06,-116.38,1050.61,-93.60,-82.81,987.96,53.33,21.13,793.41,-321.75,-115.91,456.97,-148.67,67.32,774.67,411.10,-107.76,435.15,-150.68,-4.94,645.03,527.16,-27.31,68.84,-321.18,-161.03,464.99,511.44,-119.13,0.74,-262.20,-130.05,36.26,
148,1385975698026,16,0,0,-392.16,-246.85,1459.29,-299.11,-199.14,1323.32,-396.76,-198.55,1297.45,-275.42,-198.38,1174.96,-136.84,-245.87,1169.72,-335.59,-117.43,1050.52,-94.32,-81.08,987.60,62.82,26.88,795.43,-314.76,-108.62,458.88,-148.67,67.32,774.67,411.10,-107.76,435.15,-150.68,-4.94,645.03,527.32,-27.61,68.09,-321.18,-161.03,464.99,511.44,-119.13,0.74,-260.34,-133.72,35.31,
149,1385975698059,16,0,0,-388.68,-239.45,1458.78,-298.19,-186.42,1322.82,-396.58,-199.18,1297.22,-279.38,-193.62,1173.76,-136.84,-245.87,1169.72,-337.81,-114.73,1049.40,-95.25,-82.02,987.48,61.30,30.53,795.44,221.83,-195.96,817.18,-152.12,61.61,773.17,411.21,-107.91,435.12,-148.15,-9.50,644.71,527.32,-27.61,68.09,-321.89,-158.98,465.13,511.44,-119.13,0.74,-260.34,-133.72,35.31,
150,1385975698092,16,0,0,-388.13,-239.79,1457.85,-293.48,-192.12,1324.03,-398.68,-195.07,1296.43,-283.11,-210.06,1173.16,-138.52,-243.62,1168.66,-340.98,-120.66,1048.36,-94.38,-80.84,987.49,62.37,31.62,795.69,221.83,-195.96,817.18,-152.34,62.15,773.45,411.21,-107.91,435.12,-147.94,-9.57,644.98,533.78,-36.18,66.06,-321.89,-158.98,465.13,513.53,-116.53,1.78,-260.34,-133.72,35.31,
151,1385975698126,16,0,0,-393.67,-228.03,1455.41,-303.53,-199.22,1322.83,-410.64,-196.92,1294.95,-284.05,-209.30,1172.79,-139.66,-241.41,1168.25,-340.58,-121.47,1047.60,-95.40,-81.86,987.05,64.08,33.36,796.01,223.10,-194.51,817.61,-152.60,62.81,773.54,412.15,-109.25,435.01,-147.73,-9.69,644.87,533.78,-36.18,66.06,-321.89,-158.98,465.13,510.32,-121.57,-0.70,-260.34,-133.72,35.31,
152,1385975698159,16,0,0,-395.02,-228.37,1454.65,-299.66,-196.49,1322.97,-410.65,-196.92,1294.81,-290.43,-213.80,1171.73,-139.28,-242.17,1168.23,-352.19,-133.48,1045.73,-97.14,-83.61,986.64,67.04,28.88,795.86,227.07,-200.81,817.57,-152.60,62.81,773.54,413.10,-110.59,434.91,-146.72,-7.11,645.89,538.97,-42.50,64.32,-320.55,-161.26,465.00,510.32,-121.57,-0.70,-260.34,-133.72,35.31,
153,1385975698192,16,0,0,-388.86,-232.43,1455.29,-302.14,-197.96,1322.31,-421.23,-219.47,1317.17,-290.43,-213.80,1171.73,-139.85,-242.90,1167.47,-351.53,-132.10,1045.45,-97.14,-83.61,986.64,66.05,31.00,796.04,223.13,-192.23,817.35,-153.03,63.84,773.64,413.10,-110.59,434.91,-146.31,-7.82,646.13,538.97,-42.50,64.32,-320.55,-161.26,465.00,504.47,-130.75,-4.80,-260.36,-133.66,35.55,
154,1385975698226,16,0,0,-387.29,-237.51,1455.91,-301.74,-197.78,1322.12,-420.28,-223.55,1317.49,-287.46,-217.83,1172.09,-139.85,-242.90,1167.47,-344.54,-125.55,1046.45,-97.14,-83.61,986.64,62.89,34.64,795.88,224.14,-193.96,817.59,-153.36,64.45,773.92,414.26,-109.20,435.49,-138.22,-0.04,648.78,538.97,-42.50,64.32,-320.55,-161.26,465.00,504.47,-130.75,-4.80,-260.34,-133.72,35.31,
155,1385975698259,16,0,0,-386.98,-232.71,1455.53,-301.74,-197.78,1322.12,-420.50,-223.78,1316.94,-283.72,-207.19,1172.33,-140.24,-242.14,1167.49,-344.20,-124.21,1046.89,-96.42,-85.34,987.00,62.00,35.74,796.10,220.07,-185.42,817.87,-151.62,65.14,774.38,413.58,-110.75,434.77,-140.98,-11.06,670.54,538.97,-42.50,64.32,-319.36,-161.17,464.77,496.82,-142.74,-9.85,-260.36,-133.66,35.55,
156,1385975698292,16,0,0,-388.05,-230.27,1454.75,-301.50,-199.05,1322.17,-408.88,-198.24,1294.55,-283.72,-207.19,1172.33,-137.29,-247.85,1167.95,-344.28,-125.89,1046.56,-94.10,-84.53,987.89,62.13,35.91,796.45,224.01,-191.66,817.67,-152.96,70.95,774.93,415.17,-115.72,433.76,-140.98,-11.06,670.54,538.97,-42.50,64.32,-318.40,-163.15,464.62,496.82,-142.74,-9.85,-265.41,-140.39,32.25,
157,1385975698326,16,0,0,-395.83,-230.56,1454.00,-308.54,-206.24,1322.05,-422.63,-219.45,1317.14,-284.64,-206.94,1172.45,-137.37,-246.55,1168.60,-342.24,-126.19,1047.24,-93.59,-82.41,988.13,62.12,33.82,796.66,223.18,-189.96,817.59,-153.24,69.62,775.47,413.64,-109.48,434.95,-140.66,-11.31,670.78,538.97,-42.50,64.32,-317.64,-161.79,464.67,496.82,-142.74,-9.85,-265.63,-139.80,32.32,
158,1385975698360,16,0,0,-390.53,-237.18,1455.84,-303.46,-201.70,1323.06,-424.09,-214.70,1317.32,-282.72,-203.05,1173.00,-136.80,-245.82,1169.36,-341.53,-127.71,1047.19,-94.18,-80.73,988.73,62.13,33.82,796.97,223.13,-190.01,817.95,-153.96,72.02,776.08,413.64,-109.48,434.95,-140.24,-12.02,671.42,538.97,-42.50,64.32,-313.43,-169.61,463.86,504.94,-132.62,-5.02,-265.61,-139.86,32.08,
