0,1385975693092,16,0,0,290.87,-199.36,1629.61,291.38,-115.70,1508.10,190.98,-111.78,1525.97,216.06,-39.57,1326.01,315.38,-9.92,1231.45,58.76,-4.75,1271.39,211.48,17.71,1076.05,189.24,54.42,872.38,438.01,-90.35,803.28,-33.06,-16.13,841.81,373.45,-64.58,689.77,12.29,-52.72,730.89,487.01,-72.99,379.03,-116.16,-57.00,468.50,497.49,-131.97,-16.49,-124.94,-45.45,36.02,
1,1385975693126,16,0,0,293.70,-197.45,1629.54,287.89,-121.96,1508.04,183.91,-122.24,1525.55,217.12,-40.79,1326.45,315.38,-9.92,1231.45,58.25,-3.99,1271.37,208.45,15.24,1076.68,192.98,56.11,873.18,429.30,-100.81,800.60,-33.06,-16.13,841.81,373.45,-64.58,689.77,11.59,-51.54,730.98,493.77,-62.63,382.48,-116.16,-57.00,468.50,494.80,-136.15,-17.59,-124.94,-45.45,36.02,
2,1385975693159,16,0,0,281.62,-215.79,1629.65,292.88,-118.46,1508.10,182.12,-124.71,1524.62,218.95,-39.56,1326.64,309.36,-18.35,1230.58,59.74,-6.26,1272.39,209.40,13.62,1076.90,192.98,56.11,873.18,436.25,-90.35,802.60,-32.42,-17.21,841.86,373.45,-64.58,689.77,12.29,-52.72,730.89,493.77,-62.63,382.48,-116.16,-57.00,468.50,494.80,-136.15,-17.59,-124.94,-45.45,36.02,
3,1385975693192,16,0,0,288.73,-209.74,1629.35,292.88,-118.46,1508.10,168.29,-143.68,1523.74,228.11,-29.75,1327.90,309.42,-18.79,1230.81,60.69,-9.98,1273.79,205.43,17.80,1076.99,191.39,54.42,872.91,403.47,-56.58,790.32,-34.02,-17.09,841.69,373.45,-64.58,689.77,10.55,-48.48,730.88,495.76,-59.59,383.36,-117.58,-53.55,468.88,497.49,-131.97,-16.49,-124.94,-45.45,36.02,
4,1385975693225,16,0,0,282.73,-219.46,1628.13,303.25,-107.27,1507.93,157.98,-157.83,1523.72,228.11,-29.75,1327.90,317.99,-9.67,1232.77,61.17,-15.65,1274.72,204.76,24.57,1077.93,190.01,57.13,872.90,435.29,-90.90,801.74,-27.98,-13.01,843.11,373.45,-64.58,689.77,8.92,-49.60,730.34,495.76,-59.59,383.36,-118.01,-52.50,469.04,497.49,-131.97,-16.49,-124.94,-45.45,36.02,
5,1385975693259,16,0,0,288.20,-216.30,1627.71,285.57,-133.18,1507.72,175.29,-141.30,1524.76,226.59,-31.80,1328.69,321.91,-8.36,1233.58,60.71,-14.04,1275.12,204.47,22.85,1078.31,197.09,55.49,873.70,404.93,-54.72,791.23,-27.96,-10.27,843.51,373.45,-64.58,689.77,11.56,-53.83,730.08,493.77,-62.63,382.48,-115.16,-57.60,468.49,494.80,-136.15,-17.59,-124.24,-47.17,35.49,
6,1385975693292,16,0,0,287.18,-221.66,1627.79,1189.06,1204.40,1222.00,-433.82,-505.04,641.48,216.59,-45.86,1328.50,68.80,-294.34,1366.78,-131.80,-33.58,38.90,201.40,28.58,1078.35,196.77,53.39,873.45,407.27,-55.03,793.53,-112.96,-56.96,468.78,375.69,-61.97,689.57,18.99,-50.76,762.35,487.01,-72.99,379.03,55.79,-26.06,1226.75,494.80,-136.15,-17.59,557.76,639.97,614.97,
7,1385975693325,16,0,0,293.28,-218.15,1626.52,281.92,-143.85,1507.87,167.20,-156.83,1572.72,216.31,-52.39,1328.47,323.10,-7.28,1234.35,66.87,-19.09,1280.56,206.81,30.46,1080.34,193.46,54.34,871.68,407.30,-53.29,793.87,-19.38,-2.13,845.68,376.87,-60.60,690.14,11.34,-53.33,730.25,495.29,-63.49,383.39,-121.05,-63.18,466.91,495.58,-134.92,-16.84,-131.80,-33.58,38.90,
8,1385975693360,16,0,0,282.61,-240.60,1625.60,293.66,-135.02,1505.26,173.45,-148.44,1570.35,231.37,-38.59,1330.15,312.85,-21.65,1233.06,68.45,-24.13,1233.62,207.47,22.33,1081.34,183.53,59.74,868.86,412.21,-50.11,794.92,-24.69,-1.27,844.60,376.87,-60.60,690.14,8.35,-48.32,730.59,496.87,-64.88,384.12,-123.38,-65.47,466.80,495.58,-134.92,-16.84,-128.72,-41.10,37.08,
9,1385975693392,16,0,0,272.78,-237.99,1667.47,282.78,-159.32,1504.23,171.18,-163.15,1566.64,208.17,-76.38,1377.29,327.15,-8.68,1235.02,51.79,-48.55,1234.03,208.10,23.23,1081.83,186.09,62.13,866.87,445.50,-70.76,812.02,-29.92,-4.52,843.32,375.94,-61.00,688.89,8.25,-45.25,731.44,489.33,-83.51,379.70,-113.15,-67.97,468.37,489.26,-144.81,-21.08,-129.15,-40.33,37.15,
10,1385975693425,16,0,0,281.36,-257.71,1662.60,1415.61,1393.78,1102.25,318.08,343.64,843.57,209.15,-72.43,1373.20,319.43,-26.69,1232.88,196.68,-158.58,1563.27,217.52,22.16,1035.84,188.24,73.17,863.73,370.60,-61.38,685.58,42.55,-71.49,1235.85,492.61,-86.77,382.14,16.02,-43.84,760.96,485.69,-150.37,-23.16,-113.97,-68.37,469.88,-21376.82,-26121.28,-5026.38,-130.18,-38.47,37.77,
11,1385975693459,16,0,0,292.40,-255.40,1650.94,298.57,-176.75,1498.95,207.03,-178.58,1558.20,223.22,-64.87,1368.55,314.43,-43.92,1230.89,66.09,-62.93,1286.60,214.62,18.68,1085.20,192.84,78.20,860.79,414.47,-23.34,785.96,-22.49,-3.15,875.21,380.96,-42.78,683.72,13.04,-36.21,731.58,494.12,-96.07,381.36,-120.42,-73.10,468.43,487.35,-147.77,-21.85,-128.72,-41.10,37.08,
12,1385975693492,16,0,0,315.26,-270.75,1640.80,303.71,-202.46,1492.30,210.12,-198.43,1549.65,235.29,-97.87,1365.00,322.27,-47.32,1227.15,50.29,-100.70,1238.89,206.14,1.09,1035.60,184.98,91.11,855.50,441.98,-44.25,796.26,-39.39,39.76,873.67,384.10,-1.49,723.01,-2.50,-5.83,757.76,500.96,-93.30,382.56,-101.68,-54.92,475.50,495.45,-135.08,-15.77,-130.46,-37.90,38.76,
13,1385975693525,16,0,0,335.94,-289.76,1628.60,313.33,-222.59,1484.42,195.40,-257.99,1501.32,230.01,-132.08,1314.28,330.16,-55.42,1222.71,53.92,-121.08,1238.74,217.77,10.19,1036.79,186.02,94.55,852.89,443.26,-35.78,792.12,-25.49,24.72,841.08,386.25,-24.28,677.19,14.62,-24.34,730.09,503.88,-93.39,382.69,-112.28,-68.22,472.43,495.45,-135.08,-15.77,-129.62,-39.11,39.25,
14,1385975693560,16,0,0,344.23,-347.11,1584.40,334.78,-239.14,1473.36,217.51,-275.37,1491.40,239.48,-156.88,1307.19,339.44,-70.19,1215.45,76.34,-129.72,1239.44,220.13,3.23,1037.21,198.22,106.59,851.82,442.62,-34.90,786.53,-13.45,5.03,810.83,367.30,-45.38,665.30,69.21,167.48,332.20,504.40,-99.73,379.73,-130.33,-37.38,39.79,495.45,-135.08,-15.77,364.25,408.68,712.07,
15,1385975693592,16,0,0,388.10,-304.98,1593.89,359.66,-254.76,1458.13,284.73,-227.61,1509.43,261.45,-168.55,1298.33,354.23,-81.68,1207.09,79.37,-159.20,1237.09,224.40,-4.29,1036.61,193.66,102.68,847.28,450.33,-20.50,784.07,-3.69,11.25,780.13,384.80,-19.26,667.49,339.96,382.41,703.15,505.87,-104.67,377.69,100.82,198.21,344.99,489.21,-144.86,-20.74,-129.30,-39.20,39.87,
16,1385975693625,16,0,0,283.10,-185.77,1286.42,381.88,-277.12,1440.58,274.20,-301.76,1461.20,243.06,32.29,1131.77,370.32,-95.21,1195.73,145.84,-122.11,1280.04,230.04,-10.64,1034.75,190.73,109.96,843.90,423.34,25.03,768.15,-16.91,26.25,838.20,391.40,-5.73,666.21,329.48,369.30,699.50,508.16,-104.99,376.58,128.79,225.38,356.86,489.26,-144.81,-21.08,-133.22,-28.57,43.75,
17,1385975693659,16,0,0,321.27,-182.55,1273.60,414.08,-289.25,1419.58,318.21,-298.06,1442.17,249.03,43.56,1127.26,382.90,-116.45,1180.36,139.54,-165.77,1232.88,238.95,-14.42,1032.45,199.94,120.28,843.35,422.66,28.05,764.28,-10.77,23.71,839.16,385.83,-10.67,659.34,326.79,361.70,694.98,513.31,-101.04,375.71,128.79,225.38,356.86,490.65,-143.38,-20.72,-131.98,-30.93,43.47,
18,1385975693692,16,0,0,340.62,-205.17,1256.53,445.67,-302.40,1395.90,382.42,-259.14,1449.55,264.40,40.58,1124.19,407.35,-122.45,1163.49,168.81,-173.25,1229.90,249.91,-17.05,1031.75,201.14,132.71,838.88,430.26,36.14,760.89,-5.33,41.73,840.57,405.34,17.30,661.46,33.12,-3.12,749.46,514.75,-100.17,374.37,-103.51,-74.83,474.51,492.33,-140.77,-20.21,-125.43,-24.05,49.69,
19,1385975693725,16,0,0,361.68,-223.72,1237.17,483.00,-304.37,1371.06,356.57,-352.23,1399.23,281.83,38.39,1120.24,438.98,-122.40,1145.14,165.29,-221.15,1218.62,268.85,-13.76,1028.17,209.36,132.75,835.62,430.10,37.94,754.30,-2.94,57.90,876.10,400.47,11.45,655.42,16.55,32.92,779.42,519.09,-100.64,373.35,-106.47,-101.04,472.34,493.20,-140.12,-20.95,-120.16,-38.09,49.17,
20,1385975693759,16,0,0,403.22,-215.99,1216.61,510.06,-321.04,1343.98,403.98,-342.01,1373.40,292.50,43.53,1115.56,468.02,-123.02,1123.73,209.83,-209.82,1210.11,277.92,-20.79,1023.65,216.16,143.75,831.70,441.10,44.76,751.57,4.08,62.31,881.47,401.63,12.33,651.08,18.80,15.44,778.93,519.94,-106.34,371.78,-109.80,-108.14,477.13,503.75,-127.62,-14.93,-137.54,-56.01,45.38,
21,1385975693792,16,0,0,429.59,-225.03,1195.85,550.64,-311.89,1316.29,442.12,-339.80,1347.91,315.10,25.69,1109.19,485.11,-137.93,1100.57,217.07,-240.44,1198.70,296.36,-19.96,1018.36,218.19,141.15,825.41,439.78,43.76,744.65,7.83,66.49,884.69,409.45,22.79,645.74,16.28,24.10,779.70,524.39,-108.73,370.93,-90.80,-95.21,489.23,503.03,-127.88,-15.23,-129.46,-56.73,52.47,
22,1385975693825,16,0,0,448.75,-239.90,1172.92,576.22,-319.97,1288.20,464.61,-351.99,1323.37,319.60,31.31,1102.83,509.89,-140.47,1077.37,247.19,-241.75,1188.22,304.17,-30.68,1011.24,219.68,141.35,822.53,448.34,51.57,739.62,14.12,70.53,846.52,409.71,23.00,639.46,48.29,-3.33,753.90,529.56,-107.90,369.95,-116.12,-120.49,486.59,494.45,-138.13,-19.15,-129.86,-67.91,55.43,
23,1385975693859,16,0,0,637.90,-398.73,1382.60,610.44,-311.29,1259.83,514.27,-318.25,1327.75,490.24,-212.75,1184.78,522.62,-154.26,1054.38,317.37,-208.48,1217.40,333.58,-8.19,1052.70,230.15,136.33,818.62,448.80,54.74,736.51,14.07,55.48,845.74,409.04,21.95,635.79,-103.42,-114.44,494.12,526.21,-113.26,366.05,-123.48,-14.77,75.97,493.12,-140.22,-20.25,-139.34,-132.37,46.70,
24,1385975693892,16,0,0,659.49,-426.19,1357.06,628.37,-319.62,1231.96,538.81,-320.08,1304.38,503.17,-210.91,1164.12,543.63,-148.46,1034.97,325.47,-216.52,1204.75,342.28,-12.24,1046.40,227.15,139.10,815.97,454.26,47.74,732.62,19.43,62.00,846.37,407.88,20.17,631.22,48.90,-1.74,748.80,531.22,-113.20,368.21,-95.86,-98.43,497.32,500.19,-129.18,-16.38,-172.94,-113.98,48.72,
25,1385975693925,16,0,0,660.90,-420.91,1326.05,634.67,-338.99,1202.72,556.54,-333.83,1281.13,516.24,-215.07,1144.07,559.26,-143.95,1016.14,333.20,-234.92,1190.26,345.73,-16.82,1039.32,228.37,142.05,812.35,449.09,39.26,726.62,19.28,60.92,844.91,410.90,24.45,629.52,47.54,-2.32,745.68,532.66,-118.19,366.45,-111.86,-103.33,489.90,525.48,-81.15,19.50,-167.20,-144.83,41.83,
26,1385975693959,16,0,0,672.17,-421.96,1301.12,656.57,-327.76,1178.32,559.52,-345.83,1257.79,531.78,-241.38,1125.32,560.83,-155.94,996.84,341.80,-243.27,1177.08,350.81,-26.42,1031.58,226.54,157.55,811.58,452.34,56.95,725.32,28.65,53.09,844.28,398.84,13.03,622.30,35.37,10.41,740.73,532.92,-118.45,366.10,-121.42,-102.21,484.97,510.46,-116.41,-11.22,-188.07,-120.90,48.28,
27,1385975693992,16,0,0,693.63,-447.93,1280.25,661.52,-334.65,1152.67,570.01,-357.31,1235.55,530.00,-232.54,1105.08,572.26,-150.55,980.46,348.96,-261.25,1162.09,350.57,-27.85,1024.14,225.67,157.30,807.27,451.35,47.60,720.02,24.65,52.00,841.04,407.87,26.56,621.84,35.55,0.44,735.54,547.83,-93.36,412.13,-112.98,-95.68,484.57,509.96,-117.02,-10.69,-181.18,-109.69,50.59,
28,1385975694026,16,0,0,693.08,-445.33,1257.47,668.83,-331.81,1130.15,568.79,-351.76,1214.00,527.38,-251.99,1086.60,565.72,-167.45,960.29,353.12,-277.83,1150.84,342.39,-33.56,1015.65,210.80,146.68,801.34,445.19,54.52,716.94,2.11,50.25,836.97,403.48,28.08,618.84,34.58,-9.20,733.54,535.42,-121.52,369.90,-116.95,-91.93,482.48,501.89,-126.50,-14.26,-181.13,-109.43,48.36,
29,1385975694059,16,0,0,697.31,-462.40,1238.35,674.01,-327.03,1109.06,568.38,-363.11,1194.69,529.27,-256.56,1069.92,570.75,-159.43,946.46,356.66,-275.12,1137.77,350.61,-40.19,1009.85,224.13,152.89,803.24,426.26,43.97,680.93,13.88,67.72,840.72,543.27,-82.77,417.41,12.85,22.13,735.74,539.27,-50.32,52.01,-126.19,-112.27,476.68,497.87,-132.07,-15.66,-176.23,-132.71,33.41,
30,1385975694092,16,0,0,690.73,-461.92,1219.22,665.90,-339.78,1088.39,568.88,-363.20,1176.66,526.07,-261.27,1054.90,574.18,-152.49,933.55,360.82,-279.74,1126.86,342.46,-34.93,1004.44,205.98,148.08,800.31,432.28,52.06,712.11,215.79,259.76,657.05,398.97,38.53,615.10,-2.43,56.65,840.79,538.00,-88.21,417.70,-130.89,-127.81,492.03,497.05,-132.61,-15.63,-186.99,-98.94,45.75,
31,1385975694125,16,0,0,684.63,-467.64,1202.46,666.34,-338.96,1070.90,565.64,-370.01,1160.64,525.89,-287.67,1038.16,554.56,-178.81,915.90,342.49,-303.28,1112.10,344.43,-52.30,954.18,208.56,157.21,801.99,430.09,51.47,711.15,232.51,293.63,802.51,391.63,39.42,613.98,8.38,12.85,737.05,535.77,-85.06,420.21,-146.89,-110.47,473.70,505.33,-119.65,-9.60,-187.97,-97.25,46.02,
32,1385975694159,16,0,0,681.40,-479.54,1186.38,651.21,-359.14,1051.61,554.72,-378.80,1143.74,532.87,-264.62,993.49,553.83,-179.83,907.08,350.52,-312.37,1103.03,338.59,-57.65,996.94,196.71,154.21,802.13,452.52,27.46,713.45,-1.19,74.08,849.05,386.79,40.40,614.68,8.25,3.17,737.74,531.09,-95.11,419.82,-150.07,-106.59,476.19,506.23,-118.20,-8.35,-196.45,-105.92,42.20,
33,1385975694192,16,0,0,674.45,-488.93,1173.28,650.16,-361.45,1036.06,546.01,-394.00,1129.92,503.04,-298.99,1015.61,551.48,-182.92,898.68,355.76,-305.59,1093.81,346.37,-55.63,948.33,201.44,152.68,803.49,412.53,44.31,708.82,-19.22,67.80,886.93,374.28,32.73,612.02,-14.89,33.01,772.13,513.50,-118.32,376.29,-138.99,-105.15,478.52,521.79,-82.99,22.26,-196.45,-105.92,42.20,
34,1385975694225,16,0,0,694.45,-459.26,1124.18,644.33,-380.18,1062.25,539.33,-389.04,1116.72,508.27,-296.16,970.30,548.62,-202.66,938.18,334.58,-332.06,1080.86,331.40,-58.47,988.27,189.46,152.48,802.44,443.80,51.57,816.86,-20.00,63.49,849.11,405.05,51.09,679.96,-7.86,26.47,736.81,526.40,-79.72,425.04,-146.74,-103.86,477.69,521.79,-82.99,22.26,-196.43,-105.92,42.67,
35,1385975694259,16,0,0,653.90,-495.28,1149.48,625.46,-371.59,1048.54,535.60,-386.26,1106.88,508.93,-293.41,964.05,534.56,-200.70,931.27,318.14,-341.75,1069.47,333.28,-64.63,985.43,192.78,158.41,803.03,404.26,55.36,710.00,-15.62,74.60,851.95,371.54,41.46,614.30,-4.63,18.34,735.92,503.31,-120.21,377.90,-151.63,-102.68,477.50,521.79,-82.99,22.26,-195.10,-109.36,41.84,
36,1385975694292,16,0,0,671.70,-481.75,1102.43,634.00,-389.02,1040.23,522.80,-398.96,1095.51,494.95,-309.06,953.75,529.16,-220.30,925.03,322.30,-344.24,1062.26,333.12,-69.46,983.24,193.34,165.42,803.68,401.11,54.17,709.74,-18.30,68.28,850.45,353.27,21.99,608.28,-7.67,23.84,735.84,517.06,-99.79,420.35,-156.62,-111.84,477.18,521.79,-82.99,22.26,-194.53,-110.84,41.60,
37,1385975694325,16,0,0,658.66,-493.90,1094.72,623.95,-411.18,1029.82,516.67,-400.18,1088.50,488.23,-315.75,946.27,533.31,-214.39,921.94,317.04,-349.08,1055.21,340.17,-65.98,937.57,186.66,153.66,800.95,399.54,39.95,706.77,-20.32,76.64,850.51,355.23,24.73,607.49,26.50,80.72,608.32,514.75,-91.86,421.92,-151.37,-115.80,492.20,506.23,-118.20,-8.35,-194.88,-110.14,42.24,
38,1385975694359,16,0,0,640.41,-512.04,1087.20,606.73,-416.50,1020.17,520.52,-410.99,1082.48,476.48,-331.54,940.30,516.57,-220.99,914.31,294.20,-364.43,1048.19,322.04,-94.68,929.78,185.67,150.17,799.32,425.84,8.12,711.50,-28.85,83.70,849.21,353.20,21.87,606.79,42.51,100.23,611.42,518.80,-95.24,423.12,-151.15,-117.77,493.51,501.38,-123.64,-10.45,-186.98,-100.73,46.47,
39,1385975694392,16,0,0,643.40,-501.23,1084.50,600.65,-411.62,1012.93,510.38,-409.49,1076.72,479.72,-325.96,936.43,522.11,-242.07,910.49,-19.78,68.13,847.39,316.86,-102.58,926.79,190.66,161.94,800.46,392.92,31.43,673.56,16.42,68.43,602.45,511.55,-104.85,421.61,-152.49,-113.71,492.61,520.09,-25.26,61.27,-2.12,87.62,328.16,488.81,-138.70,-15.41,-186.91,-115.40,39.84,
40,1385975694425,16,0,0,442.68,-296.98,1084.16,1271.07,1308.80,950.00,22754.56,27442.74,6083.10,482.36,-321.76,934.80,1271.47,980.55,1032.50,501.51,-417.41,1071.10,315.92,-104.86,925.39,190.26,154.38,798.49,1198.91,638.76,1084.73,175.83,262.67,795.51,728.41,437.13,774.62,-152.13,-113.87,492.54,494.06,-138.52,377.06,9.76,99.17,334.46,488.04,-139.89,-15.55,-184.73,-117.64,40.53,
41,1385975694459,16,0,0,440.31,-305.21,1081.16,590.51,-431.78,1002.03,502.27,-425.07,1068.42,472.10,-333.65,931.63,518.81,-245.97,860.65,-22.52,80.10,845.87,322.96,-97.57,926.17,195.25,154.93,797.17,404.62,23.97,703.92,-4.75,37.32,731.43,362.39,20.28,605.51,-142.78,-96.94,482.25,494.28,-138.83,377.00,149.97,233.83,464.99,490.12,-137.30,-14.11,-183.94,-119.42,40.56,
42,1385975694492,16,0,0,613.73,-529.73,1073.90,586.30,-432.31,998.29,491.26,-426.83,1064.21,452.16,-359.19,926.21,517.16,-249.40,858.69,283.87,-372.37,1039.98,331.09,-89.61,926.33,196.54,164.40,797.38,410.19,36.96,706.08,-20.50,79.38,844.41,377.34,35.44,610.39,30.99,88.93,605.92,485.72,-156.14,373.62,-28.28,59.62,317.93,487.52,-140.01,-14.94,-185.03,-117.33,41.36,
43,1385975694525,16,0,0,610.89,-529.27,1071.24,579.05,-440.40,951.24,488.86,-439.44,1061.52,456.78,-347.75,926.84,515.67,-251.09,859.53,293.39,-360.78,1041.27,331.54,-89.48,926.07,204.16,153.99,794.24,434.23,-6.59,709.94,-14.65,102.92,845.48,359.66,9.73,603.08,33.07,91.00,605.60,509.47,-119.82,419.23,-44.04,44.17,314.08,486.76,-141.16,-14.79,-183.93,-119.42,40.78,
44,1385975694559,16,0,0,606.83,-531.87,1069.61,585.29,-425.96,950.70,488.18,-420.57,1061.29,456.14,-344.11,926.12,505.28,-263.16,858.06,269.78,-366.92,1035.93,331.21,-87.82,925.30,202.98,158.91,793.03,432.67,-14.35,708.86,-3.08,93.70,842.35,352.98,-1.00,600.22,-2.62,47.85,724.26,510.56,-118.05,420.92,-157.02,-105.00,477.50,486.76,-141.16,-14.79,-185.04,-102.11,50.82,
45,1385975694592,16,0,0,594.15,-542.61,1066.60,575.90,-435.96,947.65,484.98,-418.25,1060.42,438.88,-360.52,924.50,505.61,-259.26,859.80,276.25,-350.57,1036.21,319.48,-100.92,921.72,200.12,162.31,790.05,433.24,-14.13,708.63,-5.06,116.39,840.20,369.92,16.36,604.20,0.08,46.98,720.72,509.70,-123.18,419.58,-155.80,-111.77,476.18,515.48,-87.54,26.40,-184.65,-102.85,50.56,
46,1385975694625,16,0,0,604.19,-519.82,1069.10,570.08,-436.08,945.20,479.73,-418.60,1058.01,449.70,-338.67,926.16,505.59,-257.81,861.51,262.66,-367.36,1032.24,308.19,-85.37,962.46,202.46,153.18,784.35,444.75,12.81,758.03,-2.86,99.23,835.96,366.61,11.01,600.94,31.86,92.95,601.32,515.72,-130.45,417.99,-43.90,44.33,312.98,504.60,-113.84,0.67,-184.31,-118.53,39.10,
47,1385975694659,16,0,0,594.88,-519.34,1069.22,563.83,-437.90,945.14,465.01,-432.12,1054.72,424.62,-367.66,919.66,491.64,-274.87,856.85,259.03,-355.71,1032.07,311.01,-88.57,958.23,202.55,165.72,780.65,433.78,-14.91,705.43,185.02,284.14,782.09,366.35,10.54,598.94,5.21,50.29,715.06,494.38,-159.06,375.39,-142.08,-83.19,481.22,504.60,-113.84,0.67,-183.12,-123.73,37.61,
48,1385975694692,16,0,0,552.73,-538.23,1109.41,549.29,-449.25,984.09,472.19,-412.12,1054.77,436.96,-346.41,921.30,483.30,-288.22,850.14,255.75,-349.65,1065.83,310.41,-89.57,948.65,208.54,144.07,734.76,440.24,8.25,745.86,-2.87,117.94,829.34,379.74,23.46,598.38,-2.59,71.53,686.36,517.69,-141.59,415.03,-143.27,-88.45,478.94,504.60,-113.84,0.67,-187.08,-116.79,38.41,
49,1385975694725,16,0,0,538.89,-548.93,1108.66,538.60,-449.18,980.36,451.13,-430.11,1048.75,423.83,-359.48,915.54,486.46,-287.20,844.61,-0.77,150.23,860.44,315.06,-84.34,942.51,216.01,150.20,729.95,448.21,-0.18,738.78,-1.04,90.68,749.79,369.28,7.83,588.02,106.71,191.88,439.18,517.33,-137.70,414.79,-146.66,-88.86,477.53,504.68,-113.74,-0.02,-180.86,-133.81,33.75,
50,1385975694759,16,0,0,540.94,-537.88,1108.54,536.42,-467.47,975.98,456.33,-427.75,1045.29,418.83,-364.46,910.09,486.77,-290.66,838.16,254.99,-351.02,1022.42,313.69,-79.30,933.72,218.36,172.99,761.37,447.92,-1.64,730.90,5.58,133.63,822.96,376.00,9.94,583.19,12.21,77.01,679.58,489.79,-181.73,368.47,-160.96,-95.77,472.98,503.13,-116.15,-0.90,-184.88,-127.11,34.48,
51,1385975694792,16,0,0,527.84,-548.90,1103.99,535.79,-452.17,973.61,456.73,-429.93,1040.46,409.85,-376.13,902.73,481.14,-301.32,829.31,248.45,-345.19,1015.87,322.25,-87.03,925.58,226.25,166.09,754.90,451.93,-3.22,723.96,12.40,139.08,818.88,359.90,-13.85,569.61,3.58,94.93,704.60,522.38,-150.97,410.97,-143.10,-78.41,476.88,506.73,-111.20,1.40,-203.98,-122.42,35.87,
52,1385975694825,16,0,0,525.97,-531.13,1100.81,530.56,-460.24,967.28,454.16,-432.25,1035.60,404.89,-383.35,893.87,486.68,-296.31,823.94,253.53,-344.62,1009.46,323.61,-76.67,917.57,243.41,179.03,752.33,456.81,-5.44,717.77,14.50,139.36,815.04,375.38,2.03,568.54,9.46,78.38,669.99,511.06,-164.59,405.32,-141.09,-85.94,475.78,504.68,-113.74,-0.02,-187.29,-108.21,42.56,
53,1385975694859,16,0,0,536.52,-568.09,1096.53,531.59,-459.09,964.24,454.39,-424.06,1031.33,416.04,-369.76,891.43,481.01,-309.18,815.63,255.11,-344.39,1002.85,328.06,-88.30,908.88,238.93,167.11,743.19,459.01,-5.57,711.66,24.14,166.39,847.36,385.14,7.90,564.46,15.37,95.97,734.17,515.76,-170.91,404.04,-146.79,-89.62,474.25,502.54,-116.39,-0.73,-197.27,-108.46,40.82,
54,1385975694892,16,0,0,528.59,-566.17,1093.33,533.23,-460.64,961.10,452.46,-436.18,1025.64,416.76,-374.28,885.82,495.23,-294.53,812.14,260.95,-334.01,997.40,328.42,-78.88,900.94,244.12,176.66,738.92,454.36,-27.58,660.63,27.94,142.35,806.32,377.89,-6.33,554.16,25.34,92.58,666.92,516.68,-176.16,403.10,-146.80,-108.33,470.56,504.60,-113.84,0.67,-193.41,-97.32,44.70,
55,1385975694925,16,0,0,519.31,-557.98,1087.69,539.15,-492.27,956.10,453.15,-433.37,1020.81,423.84,-369.37,879.78,484.07,-318.50,801.85,268.00,-347.43,989.21,339.40,-88.70,894.48,233.68,135.91,685.66,471.92,-8.11,701.75,31.66,138.67,803.23,382.22,-8.10,547.44,24.98,95.53,662.96,491.53,-208.05,360.20,-148.96,-110.46,467.89,517.05,-81.76,30.15,-200.58,-103.94,40.80,
56,1385975694959,16,0,0,524.16,-565.36,1085.51,536.10,-477.43,953.64,458.07,-435.70,1017.59,421.54,-377.73,873.25,492.93,-315.43,796.28,267.44,-355.57,981.41,342.06,-78.32,888.21,266.39,176.99,731.48,454.11,-43.97,646.55,29.82,106.45,723.71,394.01,-1.27,544.97,13.84,65.29,623.91,515.40,-175.35,400.67,-131.77,-115.77,468.65,519.02,-83.87,30.00,-198.00,-112.21,38.80,
57,1385975694992,16,0,0,514.00,-576.66,1081.14,543.85,-491.39,949.45,456.08,-442.75,1012.05,431.53,-373.59,869.35,482.02,-342.62,784.34,272.68,-345.92,975.88,345.38,-99.40,880.02,250.44,139.69,678.81,452.97,-54.62,639.75,41.46,95.74,721.26,395.55,-6.55,539.39,1.31,43.82,615.13,515.54,-185.48,397.43,-124.75,-95.06,471.52,519.02,-83.87,30.00,-197.20,-119.77,37.41,
58,1385975695025,16,0,0,526.53,-584.63,1077.32,544.24,-490.66,946.71,464.35,-445.68,1008.66,426.13,-391.06,859.54,505.35,-320.55,783.49,270.63,-353.63,968.83,358.86,-100.45,875.34,252.41,130.01,672.64,467.17,-47.90,637.36,77.01,141.04,834.90,409.25,2.24,537.11,49.94,108.50,720.68,500.19,-218.10,355.54,-118.34,-92.72,470.56,517.26,-83.97,29.73,-196.86,-112.32,41.42,
59,1385975695059,16,0,0,515.89,-586.33,1073.09,550.98,-506.07,943.33,469.81,-446.83,1005.89,433.90,-388.62,855.48,493.03,-350.19,771.93,284.83,-351.61,964.43,358.33,-98.44,869.17,270.04,141.68,672.71,462.89,-63.35,630.24,63.65,139.69,791.97,408.30,-10.50,529.25,42.97,73.80,647.59,502.12,-223.27,352.62,-114.03,-95.28,469.62,517.26,-83.97,29.73,-205.69,-105.14,44.44,
60,1385975695092,16,0,0,517.68,-593.62,1069.22,546.44,-516.55,940.50,466.34,-454.85,1002.28,438.68,-392.21,851.28,516.96,-326.89,772.65,277.48,-355.28,957.59,368.94,-105.06,865.90,287.05,171.79,713.57,476.05,-56.80,628.51,69.53,130.44,789.12,410.27,-15.18,524.18,62.13,92.53,650.14,496.89,-240.65,346.38,-108.59,-89.46,471.85,516.38,-85.33,29.09,-205.54,-108.65,47.46,
61,1385975695125,16,0,0,510.82,-593.05,1065.91,534.94,-520.88,897.05,459.88,-451.07,1000.06,440.67,-395.16,846.75,519.29,-331.56,768.54,282.05,-343.52,955.54,376.39,-101.53,862.75,270.79,125.96,660.62,480.10,-58.98,625.02,84.82,151.26,826.68,409.91,-24.69,518.83,63.54,87.94,646.55,505.54,-234.97,347.80,-106.45,-84.67,472.01,515.64,-86.48,28.90,-212.16,-105.12,48.22,
62,1385975695159,16,0,0,507.59,-625.65,1064.29,543.82,-514.90,898.02,457.12,-460.54,999.09,444.83,-395.55,843.16,523.54,-333.73,765.37,294.41,-339.70,954.71,374.93,-103.65,860.68,301.16,166.00,708.12,488.90,-52.64,624.62,86.07,134.21,785.74,419.98,-17.52,518.08,60.67,70.83,641.17,533.53,-207.25,387.72,-98.90,-83.41,473.05,493.24,-130.87,-5.73,-222.24,-105.86,45.70,
63,1385975695192,16,0,0,501.81,-621.44,1064.22,549.02,-510.73,899.63,457.87,-458.40,998.91,457.82,-382.14,845.47,528.16,-333.89,761.90,296.04,-330.33,989.01,380.21,-119.97,814.53,280.02,127.17,654.85,500.69,-43.56,625.81,92.30,141.88,825.81,427.19,-13.04,518.35,73.61,94.55,708.37,530.14,-202.98,387.92,-97.16,-79.65,473.93,515.64,-86.48,28.90,-228.53,-105.22,45.71,
64,1385975695225,16,0,0,512.48,-601.31,1067.54,546.71,-517.88,899.39,455.79,-463.27,998.79,449.50,-396.92,841.70,520.94,-347.61,756.53,278.65,-379.84,908.08,384.56,-93.64,857.93,294.30,139.63,657.40,494.51,-52.38,622.77,96.09,131.54,826.29,428.19,-13.01,517.14,67.04,77.95,643.17,534.39,-195.20,390.34,-95.37,-89.31,473.10,500.21,-120.00,-1.21,-222.00,-134.35,34.77,
65,1385975695259,16,0,0,503.23,-574.98,1067.95,544.82,-521.08,900.93,453.97,-462.31,998.25,453.16,-394.37,838.83,531.22,-337.53,755.04,300.51,-339.40,950.48,384.26,-88.63,855.61,298.99,155.58,704.21,497.04,-48.59,621.81,89.42,137.79,827.15,428.99,-11.87,516.37,66.48,73.36,643.35,531.89,-192.18,389.82,-118.37,-109.97,465.86,503.44,-114.97,0.45,-222.40,-137.10,34.19,
66,1385975695292,16,0,0,488.70,-613.44,1065.75,548.82,-515.93,903.35,466.97,-465.87,999.29,455.36,-398.80,835.18,534.21,-337.04,749.29,313.52,-330.82,951.27,387.39,-106.04,851.57,287.10,132.87,655.24,502.43,-41.26,620.81,89.69,130.31,786.06,425.44,-15.65,513.78,91.92,113.77,572.23,533.98,-192.37,389.23,275.97,389.99,440.64,502.50,-116.44,-0.38,-221.10,-146.27,33.67,
67,1385975695325,16,0,0,482.18,-608.44,1064.22,555.57,-510.87,904.35,467.97,-467.96,998.23,461.85,-393.91,834.62,529.59,-350.04,740.04,314.24,-337.75,948.69,389.48,-97.60,848.56,300.53,155.42,702.59,499.55,-44.28,616.81,90.50,120.77,785.60,438.47,2.77,518.50,84.48,104.57,569.47,537.36,-194.54,388.93,296.42,409.66,450.65,504.60,-113.84,0.67,-228.09,-139.77,36.28,
68,1385975695359,16,0,0,485.92,-625.97,1062.69,548.29,-523.85,901.33,474.52,-461.63,998.11,459.78,-400.84,829.47,538.70,-342.89,735.06,330.10,-307.47,989.08,399.57,-92.76,847.48,302.02,150.51,700.42,487.22,-57.62,610.38,88.29,124.06,784.83,424.53,-11.10,511.34,58.55,64.39,640.85,536.20,-194.08,388.65,-117.65,-121.92,466.42,518.02,-83.41,29.33,-254.40,-144.15,38.90,
69,1385975695392,16,0,0,489.46,-626.37,1060.95,541.60,-541.11,898.22,470.46,-476.01,996.76,467.56,-397.75,827.88,540.09,-347.77,730.00,331.47,-346.47,947.49,395.60,-104.44,844.09,296.04,165.49,700.56,500.04,-38.12,613.89,89.50,120.89,783.53,423.10,-12.46,508.98,54.90,56.05,638.81,534.58,-192.57,388.57,-113.40,-129.78,466.09,518.75,-84.64,29.13,-226.99,-103.10,56.30,
70,1385975695425,16,0,0,484.95,-632.41,1059.92,548.62,-531.12,899.77,474.15,-473.58,997.27,470.70,-396.56,827.63,544.82,-345.58,728.77,337.57,-321.55,949.63,396.70,-110.63,841.72,294.89,163.18,698.79,494.77,-44.28,609.76,79.72,104.85,780.20,426.22,-7.96,508.27,57.88,61.82,640.43,536.97,-194.90,388.09,-109.73,-134.10,466.76,518.75,-84.64,29.13,-226.67,-107.56,55.56,
71,1385975695459,16,0,0,486.99,-624.77,1061.00,550.80,-528.34,901.29,476.86,-481.60,998.79,462.58,-410.11,823.88,547.64,-344.35,729.24,346.17,-337.77,949.38,398.62,-113.45,841.29,293.78,164.23,698.66,494.59,-41.45,609.32,76.99,107.11,779.45,418.14,-13.13,505.65,59.94,47.49,638.02,533.18,-188.33,388.83,-113.69,-138.63,466.32,518.18,-85.20,29.36,-238.61,-144.87,39.47,
72,1385975695492,16,0,0,489.98,-610.65,1063.25,551.59,-526.83,903.16,470.44,-474.79,1001.26,469.92,-398.45,826.46,549.36,-341.44,729.78,352.22,-334.05,951.98,392.77,-100.02,842.40,286.17,146.59,694.38,498.22,-33.48,610.36,70.58,97.79,775.98,418.53,-11.12,505.50,52.98,55.85,637.43,533.51,-188.97,388.79,-107.82,-136.80,468.90,518.18,-85.20,29.36,-237.45,-147.17,38.99,
73,1385975695525,16,0,0,469.11,-621.49,1062.58,547.03,-525.94,903.35,451.27,-499.57,999.47,478.64,-382.84,830.26,540.98,-347.67,731.22,341.17,-328.43,952.69,419.96,-87.91,802.97,279.44,143.19,691.43,499.38,-31.04,611.06,72.42,104.92,775.26,419.79,-9.30,505.46,53.77,52.75,635.61,536.25,-195.32,388.32,-122.48,-147.50,465.85,517.26,-83.97,29.73,-237.23,-147.80,38.43,
74,1385975695559,16,0,0,467.51,-613.41,1068.22,542.55,-524.71,906.48,454.73,-473.67,1006.91,467.31,-388.78,831.82,540.20,-340.25,737.46,344.41,-320.63,955.63,382.59,-101.40,846.79,282.83,162.51,693.61,491.59,-35.29,610.56,62.03,117.47,804.19,408.53,-19.73,502.55,45.05,51.01,630.36,536.21,-195.37,388.66,-121.66,-149.90,464.88,518.18,-85.20,29.36,-237.58,-146.86,38.52,
75,1385975695592,16,0,0,456.23,-623.50,1073.62,542.03,-512.43,912.44,445.33,-472.41,1011.88,465.06,-375.69,839.43,545.58,-321.76,748.36,329.19,-321.44,957.32,386.61,-95.10,851.42,270.15,169.12,690.20,491.88,-34.13,613.39,66.68,122.06,767.29,413.91,-11.07,506.34,45.08,45.36,626.15,536.82,-194.25,389.34,421.02,540.01,510.24,518.18,-85.20,29.36,-238.19,-146.08,38.52,
76,1385975695625,16,0,0,476.14,-605.90,1040.43,524.34,-516.23,918.27,466.20,-440.92,975.76,456.34,-371.91,846.47,527.82,-334.83,754.72,350.29,-275.77,925.53,381.29,-94.42,852.73,265.92,149.62,683.35,485.31,-35.86,614.33,188.51,237.03,705.60,416.49,-7.28,508.63,-62.38,-48.96,520.86,535.68,-198.00,388.61,-130.17,-149.02,479.31,517.43,-84.03,29.61,-237.40,-148.23,38.07,
77,1385975695659,16,0,0,486.37,-565.27,1051.45,524.51,-498.19,927.31,416.23,-470.02,1021.41,445.88,-366.34,852.09,521.60,-328.05,762.94,300.93,-314.00,959.03,371.30,-91.87,854.24,271.42,178.03,683.48,476.88,-45.47,611.60,56.12,128.94,755.13,419.58,-2.82,508.22,32.37,46.41,613.66,535.03,-196.55,388.71,407.56,527.10,504.28,497.75,-124.53,-3.77,-239.60,-146.12,38.85,
78,1385975695692,16,0,0,473.05,-555.67,1060.86,511.71,-493.23,935.34,442.33,-424.71,989.14,437.92,-360.25,856.85,514.13,-324.00,769.09,315.80,-276.45,924.54,365.04,-87.37,855.98,258.83,159.79,676.35,484.66,-30.64,615.02,63.03,135.23,751.88,398.19,-27.36,499.07,46.07,65.36,613.62,523.77,-219.96,349.84,407.56,527.10,504.28,495.35,-128.25,-4.67,-240.48,-150.81,39.58,
79,1385975695725,16,0,0,442.82,-575.59,1066.16,502.01,-484.80,943.98,397.01,-444.15,1034.66,430.53,-353.70,863.50,507.73,-319.67,776.50,265.48,-301.96,959.13,354.59,-82.96,857.61,270.19,177.69,678.67,484.11,-23.80,619.16,54.44,120.30,743.18,411.73,-6.90,504.16,45.41,71.40,610.06,536.73,-190.75,389.76,403.73,523.42,503.14,489.57,-137.32,-9.88,-244.37,-151.43,39.11,
80,1385975695759,16,0,0,453.81,-534.24,1077.31,504.82,-459.17,954.72,426.55,-401.77,1000.44,414.56,-356.58,864.68,494.60,-322.25,781.71,251.36,-305.69,960.18,368.33,-69.43,818.29,259.20,168.50,675.07,477.74,-25.16,621.47,48.49,131.74,739.66,413.43,-3.58,507.22,31.37,70.47,628.50,535.48,-187.25,390.58,-129.37,-151.66,473.54,489.94,-137.42,-9.91,-258.52,-134.67,49.09,
81,1385975695792,16,0,0,433.25,-546.52,1081.39,491.13,-455.59,961.88,365.03,-443.45,1040.96,403.29,-357.63,868.95,487.62,-321.15,787.11,238.86,-324.94,957.71,334.70,-72.02,861.69,261.63,186.13,677.22,476.55,-19.92,627.28,34.93,132.73,733.65,410.20,-2.27,508.95,38.98,58.88,624.28,518.30,-226.14,347.86,-132.20,-144.08,474.21,489.94,-137.42,-9.91,-269.46,-139.73,46.10,
82,1385975695825,16,0,0,413.56,-554.17,1085.98,445.48,-474.87,1008.48,403.02,-389.43,1008.76,395.72,-352.06,872.16,477.30,-321.94,790.80,228.78,-302.61,958.86,336.23,-85.51,863.71,252.65,173.88,671.85,472.04,-19.06,631.63,39.73,146.88,732.82,408.37,-3.55,510.21,37.35,65.03,620.60,518.86,-221.81,348.97,-132.90,-142.76,474.54,491.04,-135.71,-9.33,-251.73,-119.78,54.57,
83,1385975695859,16,0,0,421.55,-518.73,1095.55,466.84,-449.97,972.55,374.36,-405.17,1010.02,378.75,-359.04,875.05,473.41,-314.71,796.87,226.85,-284.13,961.52,323.45,-84.42,863.93,251.12,181.96,671.43,468.75,-17.05,636.07,32.40,133.17,723.38,410.65,-0.08,512.87,35.29,69.12,616.97,537.37,-190.45,390.34,-129.67,-151.62,473.57,491.79,-135.27,-9.33,-248.68,-127.21,53.55,
84,1385975695892,16,0,0,409.11,-518.48,1100.00,455.62,-442.75,978.49,360.53,-400.80,1012.77,376.86,-345.15,879.62,467.26,-307.41,802.08,36.89,149.25,720.82,307.45,-70.76,864.13,256.08,183.84,669.13,469.49,-13.94,637.76,-123.81,-167.12,471.17,410.44,-0.15,515.08,-224.88,-62.33,82.26,538.95,-189.70,390.63,-248.28,-163.10,37.48,497.98,-127.85,-7.02,-12703.48,-15509.02,-2933.01,
85,1385975695925,16,0,0,391.83,-519.24,1105.48,439.89,-438.20,985.34,340.15,-401.86,1016.71,370.94,-334.98,884.57,456.44,-308.23,806.06,209.01,-295.92,964.80,299.82,-79.01,865.27,250.89,184.22,665.02,462.95,-18.09,640.30,29.03,141.37,712.18,410.95,-0.32,516.96,-128.84,-159.82,471.21,510.22,-236.57,343.79,-224.88,-62.33,82.26,499.96,-125.12,-4.45,-253.35,-155.62,39.56,
86,1385975695959,16,0,0,382.23,-509.15,1113.84,440.66,-407.97,995.36,311.97,-411.82,1020.11,356.14,-333.23,888.26,451.07,-296.10,813.60,192.79,-282.63,967.73,297.54,-88.59,866.37,247.26,175.80,661.66,459.75,-20.15,643.66,305.74,408.65,703.87,419.63,12.31,521.87,37.75,65.97,602.95,542.46,-190.44,391.19,-138.17,-145.97,473.53,499.96,-125.12,-4.45,-241.29,-104.96,61.92,
87,1385975695992,16,0,0,373.06,-490.08,1124.21,424.93,-398.29,1005.93,401.54,531.76,504.24,347.22,-321.47,896.97,432.96,-300.71,821.49,324.31,-363.61,1033.37,275.29,-72.20,867.07,247.15,174.84,658.07,457.07,-17.86,647.40,220.72,-224.49,939.06,407.29,-4.95,517.54,33.23,151.54,702.15,542.34,-193.20,390.77,-138.83,-148.89,473.12,516.48,-89.66,27.83,-257.70,-147.58,41.58,
88,1385975696025,16,0,0,368.67,-453.63,1138.60,401.36,-392.76,1016.65,302.45,-355.97,1040.10,326.71,-320.94,903.57,423.35,-291.42,833.05,148.71,-282.28,970.08,269.81,-67.81,868.79,255.62,185.76,659.99,462.27,-6.29,654.32,32.84,160.64,699.15,412.27,1.73,522.28,-134.73,-160.81,472.08,545.93,-187.62,392.75,-224.88,-62.33,82.26,518.94,-87.12,29.61,-253.35,-155.62,39.56,
89,1385975696059,16,0,0,339.18,-448.96,1150.74,377.49,-384.24,1027.94,266.04,-365.34,1045.51,309.98,-314.90,911.80,397.38,-303.27,839.89,176.51,-224.36,942.11,255.07,-73.31,872.66,248.79,190.45,661.96,450.04,-19.32,654.87,27.33,160.15,694.55,411.80,1.16,526.19,-143.81,-147.59,473.87,542.86,-185.81,396.13,-224.88,-62.33,82.26,517.96,-85.89,31.09,-252.94,-155.88,39.70,
90,1385975696092,16,0,0,318.29,-432.15,1162.52,357.42,-372.96,1040.41,250.43,-344.70,1054.86,286.26,-318.39,918.62,388.07,-289.97,853.98,147.88,-230.51,944.59,236.81,-75.29,874.42,251.44,185.35,663.07,447.52,-17.36,660.36,21.16,152.19,691.69,412.11,1.68,529.55,29.89,75.08,599.60,534.49,-196.70,394.49,-155.02,-129.21,477.15,502.43,-123.76,-0.95,-252.76,-129.73,52.79,
91,1385975696125,16,0,0,288.42,-428.51,1173.57,332.34,-366.33,1052.47,227.16,-338.39,1063.15,269.57,-311.76,927.39,367.38,-291.77,863.62,130.65,-223.36,947.30,252.37,-53.44,838.52,236.54,173.45,663.04,438.97,-25.47,665.04,21.42,155.71,693.49,415.37,7.27,537.64,25.18,73.92,571.30,535.13,-198.32,397.26,-149.29,-145.63,475.72,514.15,-86.63,34.30,-270.62,-142.48,46.39,
92,1385975696159,16,0,0,252.68,-433.43,1183.43,306.21,-360.60,1063.86,186.50,-350.26,1068.44,249.33,-309.46,935.52,346.52,-296.34,873.37,110.13,-221.67,951.43,245.62,-42.76,846.06,235.08,178.13,668.01,432.96,-26.67,672.67,18.52,153.33,694.33,402.43,-4.03,538.76,26.92,65.58,601.45,531.75,-194.76,400.68,-158.42,-136.89,476.68,516.59,-84.70,35.89,-263.19,-133.91,49.22,
93,1385975696192,16,0,0,230.45,-416.97,1193.69,287.79,-359.83,1025.26,150.80,-354.21,1074.68,224.60,-313.91,941.87,336.63,-283.07,886.08,54.77,-270.09,981.75,196.51,-64.48,889.61,241.32,184.31,675.98,432.15,-20.73,679.76,18.44,161.79,698.09,403.64,3.01,548.42,21.22,66.08,605.25,525.37,-200.02,400.65,-159.98,-138.89,477.30,495.44,-134.47,0.60,-260.43,-131.73,50.37,
94,1385975696225,16,0,0,196.80,-419.37,1201.68,250.83,-357.44,1081.52,146.08,-328.10,1083.22,220.25,-292.90,952.75,308.73,-295.47,893.39,36.08,-251.08,984.13,213.05,-49.48,852.96,221.45,176.13,678.54,431.80,-10.74,691.28,8.06,161.91,701.39,403.86,9.51,555.45,1.34,92.86,610.99,527.77,-174.70,409.07,-159.11,-147.91,476.73,499.84,-129.00,2.79,-251.98,-122.11,54.56,
95,1385975696259,16,0,0,174.69,-404.82,1209.68,242.34,-341.22,1042.35,123.77,-322.04,1086.60,198.96,-294.25,958.53,302.79,-281.10,906.13,59.32,-201.73,960.60,204.26,-43.14,860.21,228.52,178.24,639.00,426.77,-9.17,698.45,-1.36,161.76,704.23,392.02,2.99,560.59,13.29,61.55,609.80,519.47,-181.63,408.82,-171.92,-129.41,480.11,490.27,-143.28,-3.09,-239.26,-119.70,56.89,
96,1385975696292,16,0,0,131.27,-420.38,1214.57,223.16,-345.19,1051.25,365.20,517.39,728.09,175.69,-298.26,964.26,285.68,-280.58,915.56,83.83,-339.08,1088.10,196.03,-34.17,867.89,212.40,196.42,694.10,418.55,-6.20,707.09,-7.29,-251.60,985.20,390.17,8.49,569.33,-0.31,77.37,613.73,508.31,-203.92,370.78,-169.37,-141.36,478.53,485.51,-149.96,-4.89,-255.84,-134.26,49.46,
97,1385975696325,16,0,0,111.82,-411.53,1220.66,205.65,-341.02,1061.07,61.86,-334.62,1093.57,161.62,-290.59,972.17,272.74,-272.83,926.43,-24.61,-259.44,986.45,181.47,-36.09,873.12,214.62,179.04,651.56,399.58,-18.87,711.10,-10.17,157.41,708.95,397.57,27.29,582.73,-8.35,78.74,614.79,515.67,-163.59,417.38,-180.95,-126.87,479.36,489.94,-144.43,-2.67,-245.33,-127.41,52.57,
98,1385975696359,16,0,0,99.21,-391.80,1228.48,173.80,-336.76,1070.76,66.69,-295.06,1101.91,146.36,-280.92,980.90,255.80,-268.38,938.50,5.77,-192.44,965.33,165.83,-36.37,877.02,188.10,185.46,700.53,409.82,4.07,723.05,-20.10,163.38,713.10,374.26,7.48,583.04,-11.69,71.04,615.62,513.67,-157.30,418.69,-163.27,-103.11,471.08,489.35,-146.10,-3.41,-259.65,-150.42,41.43,
99,1385975696392,16,0,0,72.36,-388.71,1234.59,158.23,-325.53,1082.56,22.85,-313.89,1105.60,129.47,-273.10,989.19,232.28,-272.98,948.93,-52.20,-231.74,993.35,151.48,-31.52,883.80,188.67,200.36,708.25,388.65,-12.27,724.53,-31.32,156.67,712.83,377.40,19.99,591.41,-17.19,66.52,617.67,521.07,-152.32,420.22,-173.67,-111.17,469.83,488.11,-147.31,-4.05,-259.75,-150.51,40.31,
100,1385975696425,16,0,0,40.81,-389.71,1242.33,142.32,-314.85,1093.25,10.22,-299.57,1113.44,106.64,-271.86,996.95,214.60,-264.43,963.36,-72.21,-222.76,994.99,110.83,-56.44,927.49,172.50,188.19,708.42,380.43,-3.26,778.57,-33.22,171.75,717.10,367.67,16.89,595.24,-17.24,53.01,616.79,505.95,-142.94,420.43,-188.32,-115.05,467.39,498.06,-131.79,1.39,-259.35,-151.41,38.81,
101,1385975696459,16,0,0,24.11,-371.32,1251.83,-199.84,-721.26,998.55,-23.42,-302.40,1120.34,92.84,-257.53,1007.54,427.46,69.97,1107.42,-52.98,-177.44,972.89,128.88,-20.92,895.06,169.02,177.98,710.12,374.36,-11.91,731.52,-53.69,145.04,710.17,358.11,14.09,597.83,-27.79,65.03,617.10,507.16,-146.76,419.75,-190.51,-115.41,467.21,492.28,-141.60,-7.10,-260.15,-151.25,39.22,
102,1385975696492,16,0,0,-2.35,-363.36,1260.32,93.24,-307.06,1115.63,-33.10,-279.84,1130.24,74.81,-249.60,1016.60,175.54,-257.30,987.95,-108.50,-217.36,998.13,116.49,-18.84,899.22,169.22,173.79,712.88,381.64,7.18,739.56,-53.38,155.59,712.08,355.15,17.30,603.57,-38.50,71.11,618.58,509.76,-148.39,419.91,-196.96,-150.52,477.09,493.25,-139.81,-6.90,-253.68,-137.80,41.14,
103,1385975696525,16,0,0,-15.58,-340.58,1269.62,72.66,-296.69,1127.88,-76.87,-293.18,1136.22,59.11,-234.58,1026.06,169.52,-233.04,1002.86,-125.75,-210.71,999.67,66.13,-39.67,938.99,166.11,165.78,714.94,360.10,-10.18,741.66,-63.55,165.67,711.17,348.09,15.33,607.31,-30.61,45.11,618.21,503.68,-142.87,422.40,-196.85,-118.66,469.61,488.18,-146.12,-12.16,-247.86,-124.62,45.55,
104,1385975696559,16,0,0,-52.61,-347.49,1277.39,46.87,-284.64,1137.99,380.75,580.65,756.82,41.38,-220.51,1035.41,138.17,-237.12,1014.24,-88.51,-268.98,1146.00,95.47,-4.16,908.50,158.33,168.08,718.85,352.41,-13.61,745.40,-98.64,-142.40,979.10,341.76,13.78,610.67,-39.77,55.32,621.25,497.91,-140.28,423.25,-202.90,-120.77,468.94,488.18,-146.12,-12.16,-238.11,-114.76,49.74,
105,1385975696592,16,0,0,-66.14,-325.10,1287.00,20.66,-284.92,1146.60,-108.91,-253.11,1154.44,15.83,-214.48,1042.12,132.22,-206.46,1029.99,-107.27,-117.91,981.06,40.85,-37.69,947.16,147.30,170.29,723.53,345.43,-20.62,751.10,-76.46,160.70,712.05,329.50,0.16,612.12,-48.37,58.42,624.53,485.90,-158.40,418.65,-209.00,-123.01,470.05,486.32,-149.03,-13.27,-240.22,-115.43,49.08,
106,1385975696625,16,0,0,-85.41,-305.13,1294.89,-2.90,-274.43,1156.24,-131.65,-240.46,1160.60,-10.88,-206.68,1048.87,101.54,-207.31,1041.10,-188.44,-167.81,998.70,70.52,4.75,917.51,137.94,156.49,727.38,329.93,-38.57,754.17,-73.27,160.53,716.20,318.22,-12.28,616.46,-44.26,42.45,627.57,485.80,-162.76,420.33,-216.32,-119.67,469.95,488.59,-146.21,-11.74,-238.44,-120.32,47.59,
107,1385975696659,16,0,0,-129.96,-312.59,1300.60,-79.70,-264.16,1195.26,-180.65,-255.69,1163.09,-32.88,-196.94,1056.20,78.63,-200.52,1052.00,-158.06,-113.79,979.14,47.87,-5.28,920.91,133.49,153.01,734.45,322.00,-47.66,759.79,-70.67,157.75,719.59,317.21,-13.51,624.81,-52.13,65.76,603.34,476.02,-142.63,424.00,-216.74,-124.43,470.51,487.67,-147.62,-11.70,-240.31,-117.94,47.85,
108,1385975696692,16,0,0,-158.90,-305.79,1305.73,-92.42,-241.10,1202.42,-200.79,-240.37,1168.99,-63.01,-198.39,1062.41,48.54,-206.00,1060.89,-184.75,-112.11,977.63,30.97,-8.63,925.94,134.84,146.58,741.19,321.85,-47.66,769.00,-84.37,151.30,722.74,316.21,-14.73,633.15,-45.85,67.50,608.98,471.47,-144.01,424.35,-229.21,-126.59,469.98,487.67,-147.62,-11.70,-250.57,-123.85,44.20,
109,1385975696725,16,0,0,-199.66,-313.18,1313.14,-111.97,-224.08,1210.19,-202.05,-212.37,1176.18,-93.83,-201.40,1068.57,32.44,-194.27,1072.08,-236.16,-145.77,1000.70,-6.05,-28.23,968.96,138.00,142.86,749.34,316.68,-54.80,775.44,-84.60,146.75,725.47,313.04,-18.38,640.62,-56.88,36.82,639.39,465.80,-146.25,425.02,-215.74,-107.45,476.41,491.39,-142.70,-8.04,-260.08,-131.52,39.85,
110,1385975696759,16,0,0,-206.55,-283.76,1321.01,-150.98,-235.68,1216.79,-264.76,-244.83,1178.88,-127.07,-208.60,1073.45,11.56,-191.18,1082.26,-250.25,-140.56,1002.59,-15.81,-21.24,972.98,141.52,126.77,753.75,306.87,-75.06,826.81,-94.39,145.51,728.52,300.74,-35.23,643.59,-64.26,57.93,614.23,467.38,-146.61,426.21,-236.96,-123.90,471.77,492.29,-141.00,-7.25,-268.37,-141.43,35.02,
111,1385975696792,16,0,0,-308.43,-371.07,1190.99,-167.28,-223.43,1224.62,-256.53,-206.66,1188.52,-96.14,-140.98,1212.41,-13.82,-194.69,1089.72,-212.46,-73.71,985.80,-27.24,-21.64,975.25,125.09,117.06,756.13,301.14,-83.10,830.52,-90.52,141.93,732.02,303.34,-31.70,650.54,-71.15,40.59,646.07,464.08,-151.17,425.39,-238.87,-121.16,472.68,506.38,-119.55,3.52,-268.37,-141.43,35.02,
112,1385975696826,16,0,0,-273.64,-291.81,1333.84,-191.04,-219.98,1229.86,-276.09,-199.75,1193.02,-143.22,-175.02,1088.66,-67.52,-221.18,1131.31,-283.97,-122.27,1004.65,-39.88,-36.45,976.86,116.67,118.95,759.59,299.89,-98.50,832.08,-100.47,138.53,734.06,290.78,-49.20,650.35,-72.58,38.78,618.54,457.99,-134.00,429.25,-243.72,-131.90,471.77,518.77,-85.55,33.79,-268.37,-141.43,35.02,
113,1385975696860,16,0,0,-275.40,-261.55,1340.89,-253.49,-241.37,1263.25,-351.88,-246.64,1222.22,-167.64,-180.50,1093.01,-77.87,-232.70,1136.73,-246.31,-72.59,986.06,-39.62,-35.41,980.15,113.77,116.72,764.06,298.92,-101.44,833.04,-91.77,127.56,736.63,282.94,-59.74,652.45,-80.86,40.39,651.21,456.28,-148.09,426.81,-248.37,-121.83,473.10,518.77,-85.55,33.79,-268.37,-141.43,35.02,
114,1385975696893,16,0,0,-296.34,-253.97,1349.25,-208.93,-188.58,1241.13,-301.14,-173.18,1203.62,-178.95,-171.75,1097.43,-58.06,-188.74,1109.34,-283.63,-107.09,1007.99,-45.86,-37.91,982.16,119.12,105.14,767.81,293.41,-112.15,834.95,-100.15,121.18,773.42,279.05,-66.04,655.95,-81.35,26.54,622.41,453.53,-148.01,427.40,-250.55,-125.14,472.18,506.38,-119.55,3.52,-262.87,-124.98,40.04,
115,1385975696926,16,0,0,-310.49,-238.90,1357.15,-221.18,-177.18,1244.48,-377.28,-233.64,1228.70,-195.61,-173.55,1100.90,-71.46,-188.91,1113.88,-295.38,-99.31,1007.02,-61.27,-43.95,982.18,114.04,91.45,770.07,281.85,-127.47,835.61,-96.95,131.46,744.46,272.74,-75.57,658.06,-86.09,33.53,625.89,446.95,-140.01,428.84,-251.08,-110.69,474.86,506.38,-119.55,3.52,-265.89,-143.83,33.99,
116,1385975696960,16,0,0,-327.49,-225.89,1359.37,-85.16,-187.83,1117.58,-342.94,-171.46,1208.67,-200.90,-159.84,1104.83,-74.91,54.95,605.71,-304.29,-92.70,1006.71,-59.08,-34.96,985.54,105.09,78.32,773.14,280.00,-133.69,836.02,-105.55,126.12,745.18,266.69,-83.85,659.93,-90.86,26.87,658.50,451.62,-146.50,429.12,-265.11,-123.47,470.29,501.97,-126.45,0.81,-267.58,-136.60,35.21,
117,1385975696993,16,0,0,-343.00,-215.41,1365.44,-240.78,-154.34,1249.08,-393.75,-201.46,1232.00,-212.01,-153.77,1107.01,-126.13,-224.28,1150.76,-310.63,-94.39,1007.44,-67.11,-42.57,985.75,105.87,74.59,776.95,272.01,-133.27,835.30,-109.35,107.50,747.73,268.50,-81.31,665.96,-92.59,32.45,632.56,438.65,-141.55,428.86,-265.83,-119.71,469.83,508.21,-122.61,3.69,-266.13,-136.96,33.76,
118,1385975697026,16,0,0,-357.32,-206.31,1367.62,-268.42,-165.61,1249.32,-345.76,-131.47,1213.52,-229.86,-158.27,1109.48,-135.13,-226.26,1152.46,-287.53,-49.91,986.51,-75.41,-48.81,985.98,110.57,65.25,779.49,262.30,-154.27,832.26,-111.99,104.35,750.09,266.55,-83.22,667.51,-99.57,31.18,634.27,438.37,-137.81,430.22,-266.19,-106.56,471.15,498.95,-137.15,-2.78,-242.47,-106.17,45.38,
119,1385975697059,16,0,0,-382.54,-209.02,1368.16,-273.54,-154.68,1252.08,-380.37,-150.74,1215.16,-235.80,-152.09,1111.77,-148.99,-238.90,1153.45,-332.30,-105.53,1005.72,-79.59,-51.68,987.55,100.56,70.50,782.87,256.89,-156.88,830.78,-110.72,103.37,755.57,253.57,-97.62,665.78,-104.46,19.06,633.77,428.78,-137.82,429.05,-277.01,-113.27,468.96,504.86,-127.87,1.35,-250.48,-134.67,26.54,
120,1385975697092,16,0,0,-391.45,-200.72,1372.33,-320.74,-187.21,1277.78,-423.65,-193.46,1237.09,-247.62,-152.89,1112.59,-155.20,-236.40,1154.81,-329.43,-92.33,1008.89,-89.32,-60.13,987.07,87.79,60.67,782.59,261.59,-160.29,831.55,-125.48,93.88,755.07,261.65,-82.58,669.83,-102.18,17.61,637.89,424.94,-133.31,431.20,-261.29,-64.34,470.18,520.81,-88.97,36.41,-251.92,-132.28,27.50,
121,1385975697126,16,0,0,-441.73,-217.70,1396.27,-328.83,-188.65,1279.93,-380.14,-125.48,1219.47,-302.59,-194.33,1136.25,-160.08,-229.06,1156.91,-342.43,-91.91,1009.45,-96.42,-64.70,987.15,79.82,52.99,783.07,251.27,-170.23,828.80,-126.91,95.90,758.90,250.79,-89.68,668.76,-112.05,18.83,639.42,423.43,-135.23,431.39,-299.02,-139.77,461.39,493.89,-138.98,-0.20,-248.77,-140.90,25.58,
122,1385975697160,16,0,0,-398.77,-180.32,1377.10,-339.81,-193.24,1280.61,-379.67,-115.00,1220.39,-261.05,-151.70,1118.56,-162.91,-230.32,1158.55,-349.36,-101.34,1010.55,-94.74,-85.07,987.25,73.48,47.31,784.59,242.12,-170.54,827.06,-129.13,92.59,761.16,232.56,-108.19,665.83,-112.46,23.73,642.00,420.16,-123.95,434.17,-305.65,-128.61,461.08,493.52,-137.43,0.26,-248.77,-140.90,25.58,
123,1385975697193,16,0,0,-450.94,-208.42,1402.21,-344.77,-188.97,1281.61,-435.90,-172.20,1241.84,-319.76,-200.34,1141.30,-174.95,-233.14,1159.17,-357.70,-104.16,1012.56,-110.44,-77.11,986.49,72.46,50.07,786.45,233.51,-188.78,824.85,-132.51,88.75,763.12,218.43,-123.50,662.64,-127.13,7.72,640.72,408.07,-132.52,430.59,-301.53,-120.66,465.22,493.52,-137.43,0.26,-248.87,-140.57,26.24,
124,1385975697226,16,0,0,-453.88,-200.33,1405.43,-343.59,-183.92,1284.80,-438.59,-164.69,1100.18,-313.07,-191.62,1144.96,-185.22,-246.81,1160.22,-358.50,-106.60,1075.22,-116.80,-81.31,985.64,66.54,46.67,787.38,223.91,-178.92,824.00,-144.74,78.37,763.23,224.59,-111.75,666.91,-140.98,-8.51,638.38,406.65,-123.04,432.60,-313.38,-128.80,463.03,493.52,-137.43,0.26,-248.72,-115.94,40.60,
125,1385975697260,16,0,0,-461.29,-208.45,1409.41,-349.49,-193.01,1287.60,-455.91,-192.51,1273.82,-314.93,-189.77,1149.53,-184.43,-243.44,1162.16,-380.38,-124.88,1087.56,-109.74,-92.54,987.83,66.78,45.90,789.44,225.51,-184.11,823.02,-148.68,89.65,765.29,227.25,-107.38,668.16,-148.58,-10.57,638.13,405.48,-122.30,432.60,-314.42,-129.05,462.89,494.99,-135.12,1.46,-259.47,-127.72,35.37,
126,1385975697293,16,0,0,-463.22,-210.98,1414.44,-340.51,-185.70,1291.55,-444.51,-176.69,1252.78,-318.83,-203.24,1150.43,-170.53,-227.31,1165.29,-360.50,-104.47,1022.20,-102.30,-84.15,990.55,59.83,38.07,787.97,222.71,-179.39,822.05,-154.57,56.47,793.69,206.50,-130.13,663.19,-144.49,-9.66,640.51,400.61,-127.57,430.06,-318.74,-131.40,462.44,500.95,-125.81,5.38,-267.61,-137.20,32.59,
127,1385975697326,16,0,0,-455.41,-198.26,1419.05,-340.60,-187.47,1295.53,-440.94,-176.16,1258.83,-321.76,-205.98,1155.81,-180.81,-244.38,1166.34,-362.71,-110.44,1027.32,-104.67,-78.77,990.46,61.58,39.99,790.40,222.53,-187.21,820.50,-157.29,67.34,766.31,203.55,-133.43,662.12,-139.52,0.37,644.79,413.20,-117.66,434.04,-319.43,-176.37,463.08,495.44,-134.47,0.60,-267.06,-138.29,32.34,
128,1385975697360,16,0,0,-449.15,-198.51,1425.82,-334.30,-186.88,1300.75,-437.80,-176.54,1264.92,-302.78,-195.89,1159.71,-176.75,-242.28,1167.21,-357.04,-110.99,1030.50,-110.89,-80.63,989.90,58.21,36.61,790.46,223.28,-186.68,820.32,-167.14,57.25,765.12,204.63,-132.72,662.37,-147.01,-12.28,643.18,405.19,-109.92,434.40,-319.87,-175.06,463.38,497.73,-131.62,1.76,-260.95,-133.44,35.66,
129,1385975697392,16,0,0,-444.34,-201.32,1431.50,-330.64,-187.82,1304.45,-434.89,-184.30,1270.99,-307.36,-218.77,1164.18,-164.83,-237.62,1169.91,-355.40,-113.92,1034.76,-112.15,-83.14,988.94,56.06,31.83,790.27,213.58,-197.06,816.80,-164.44,60.82,767.27,203.55,-134.21,662.66,-145.98,-9.88,644.60,404.95,-105.91,435.13,-322.88,-166.30,464.46,500.33,-128.96,1.03,-260.76,-133.94,35.61,
130,1385975697426,16,0,0,-428.76,-194.68,1437.17,-326.55,-206.28,1309.24,-423.85,-201.30,1306.09,-301.94,-201.90,1166.65,-163.55,-241.34,1170.45,-377.46,-136.76,1108.29,-104.79,-76.47,990.47,53.88,29.90,791.10,218.77,-180.55,819.36,-156.60,73.02,771.42,212.40,-124.90,664.98,-149.27,-12.80,644.53,403.93,-107.25,434.72,-330.71,-152.77,457.78,501.76,-130.13,-0.39,-266.94,-138.06,34.37,
131,1385975697460,16,0,0,-415.63,-223.19,1446.27,-314.10,-200.85,1313.52,-420.05,-199.40,1311.70,-290.07,-216.06,1169.78,-155.84,-238.69,1170.89,-369.65,-135.45,1113.04,-100.86,-79.55,990.79,53.05,29.71,792.42,221.68,-191.44,818.46,-162.65,66.21,770.76,202.07,-139.23,661.86,-148.52,-9.70,645.81,409.90,-112.35,434.20,-326.20,-147.55,459.52,511.40,-117.63,5.54,-267.18,-137.40,34.59,
132,1385975697493,16,0,0,-407.50,-222.95,1450.81,-315.27,-192.21,1314.83,-416.20,-191.50,1287.73,-297.51,-211.16,1172.38,-146.58,-237.38,1172.80,-341.04,-112.91,1046.79,-108.89,-93.22,988.74,44.65,26.35,791.31,217.69,-197.09,817.38,-162.59,66.74,800.86,211.18,-129.56,664.17,-146.19,-12.95,669.36,413.04,-116.26,433.60,-319.92,-143.19,461.13,509.89,-119.99,4.33,-267.18,-137.40,34.59,
133,1385975697526,16,0,0,-394.35,-211.20,1454.36,-307.32,-205.04,1318.46,-408.54,-188.35,1291.25,-290.66,-202.80,1174.96,-146.14,-252.44,1172.30,-345.19,-117.05,1048.50,-98.05,-91.81,990.20,48.99,22.17,792.51,207.72,-217.46,778.24,-153.42,62.28,773.12,209.75,-133.29,664.55,-140.16,1.18,649.08,413.79,-117.60,433.49,-327.46,-149.03,459.03,508.38,-122.41,2.32,-267.58,-136.37,34.28,
134,1385975697560,16,0,0,-387.74,-215.15,1457.86,-303.43,-207.88,1321.06,-405.97,-206.04,1296.39,-294.01,-234.14,1176.03,-147.03,-249.03,1172.15,-340.25,-119.07,1051.91,-94.24,-91.86,990.81,52.22,26.15,793.42,212.64,-212.38,779.07,-153.13,61.59,773.39,212.49,-130.22,665.27,-141.32,-0.01,649.20,404.11,-114.85,432.48,-326.10,-147.47,459.41,506.09,-125.26,0.18,-265.64,-141.34,32.95,
135,1385975697593,16,0,0,-387.97,-237.24,1460.07,-297.01,-206.03,1323.38,-404.03,-212.12,1323.58,-270.14,-209.64,1179.17,-138.50,-249.05,1173.19,-334.84,-115.58,1054.55,-89.54,-88.24,991.65,51.96,23.69,793.42,213.92,-211.20,777.87,-157.37,57.74,772.20,209.75,-133.29,664.55,-149.03,-7.79,646.32,404.63,-115.60,432.10,-324.61,-145.74,459.74,506.09,-125.26,0.18,-265.82,-140.86,33.00,
136,1385975697626,16,0,0,-386.56,-238.67,1461.91,-287.72,-201.70,1325.19,-383.67,-183.15,1299.47,-278.50,-214.14,1178.98,-134.06,-247.15,1172.80,-341.10,-123.95,1054.78,-91.05,-91.24,991.15,55.72,26.39,794.42,228.46,-202.46,816.56,-153.52,63.00,773.76,214.11,-126.28,665.24,-148.04,-8.52,646.64,407.51,-114.22,432.75,-325.38,-142.73,459.93,506.09,-125.26,0.18,-266.27,-140.01,33.33,
137,1385975697659,16,0,0,-378.18,-231.32,1462.56,-279.85,-203.64,1326.96,-378.88,-189.57,1301.92,-284.43,-229.37,1177.97,-140.59,-251.63,1171.34,-332.70,-115.18,1056.02,-93.52,-91.40,990.65,56.17,26.96,794.63,223.81,-207.81,815.34,-153.86,63.39,773.90,211.18,-129.56,664.17,-145.12,-13.61,646.40,404.67,-105.48,433.81,-321.16,-163.23,464.61,524.08,-86.22,31.57,-266.36,-139.75,33.61,
138,1385975697692,16,0,0,-374.72,-234.87,1463.33,-287.74,-203.32,1325.70,-386.08,-199.24,1302.55,-281.90,-228.10,1178.51,-128.25,-242.61,1172.63,-339.57,-126.78,1054.94,-99.15,-91.69,989.32,50.02,20.76,793.20,224.70,-206.54,815.52,-153.86,63.39,773.90,211.18,-129.56,664.17,-144.87,-14.23,646.29,406.53,-107.59,433.69,-322.08,-161.31,464.98,526.47,-83.96,32.53,-266.36,-139.75,33.61,
139,1385975697726,16,0,0,-371.06,-226.84,1464.31,-287.03,-205.43,1325.22,-389.74,-201.89,1302.21,-274.18,-218.48,1179.08,-130.82,-239.51,1171.43,-345.88,-135.04,1053.73,-99.42,-91.03,989.15,50.56,23.30,793.96,225.65,-205.20,815.73,-152.82,61.02,773.90,202.07,-139.23,661.86,-144.83,-14.24,646.02,404.58,-115.80,431.64,-321.59,-161.99,464.62,524.19,-77.42,33.91,-266.36,-139.75,33.61,
140,1385975697760,16,0,0,-378.35,-235.34,1463.07,-287.18,-207.96,1325.33,-392.24,-199.05,1301.91,-275.32,-218.63,1178.63,-130.32,-245.80,1171.16,-347.22,-138.95,1053.25,-95.19,-92.72,988.43,51.07,23.94,793.86,221.08,-201.66,778.55,-153.86,62.69,774.04,204.33,-136.09,662.45,-144.72,-14.56,645.39,408.54,-119.11,431.48,-321.59,-161.99,464.62,510.28,-120.26,0.51,-266.36,-139.75,33.61,
141,1385975697792,16,0,0,-379.84,-232.18,1462.53,-291.45,-201.10,1324.67,-393.40,-200.25,1301.44,-275.64,-215.56,1177.61,-128.21,-241.32,1171.08,-347.22,-139.28,1052.46,-94.90,-92.05,987.89,51.64,22.72,793.79,-330.81,-127.00,453.21,-149.79,67.54,774.10,202.07,-139.23,661.86,-144.15,-15.37,644.95,409.16,-118.36,431.64,-321.16,-163.23,464.61,511.44,-119.13,0.74,-266.29,-139.67,33.01,
142,1385975697826,16,0,0,-377.18,-237.91,1463.36,-291.40,-201.58,1324.49,-390.94,-202.18,1301.03,-280.08,-215.43,1176.68,-139.66,-252.68,1169.13,-332.82,-124.61,1053.77,-94.01,-90.95,987.37,51.64,22.72,793.79,229.11,-189.61,782.14,-149.79,67.54,774.10,202.07,-139.23,661.86,-146.28,-15.87,644.05,404.87,-116.30,431.88,-332.39,-152.46,456.74,511.44,-119.13,0.74,-266.29,-139.67,33.01,
143,1385975697859,16,0,0,-374.02,-240.77,1463.02,-284.86,-198.10,1325.25,-392.48,-201.04,1299.97,-289.83,-218.85,1174.75,-133.66,-246.60,1170.22,-335.76,-119.93,1052.99,-89.61,-84.40,988.20,51.64,23.02,793.77,222.00,-199.71,780.29,-154.77,61.85,772.94,200.03,-142.07,660.96,-146.28,-15.87,644.05,408.13,-109.92,433.78,-332.39,-152.46,456.74,513.53,-116.53,1.78,-267.56,-136.21,33.85,
144,1385975697892,16,0,0,-376.01,-241.56,1461.67,-286.21,-193.03,1324.57,-393.31,-193.97,1299.07,-290.37,-220.68,1174.06,-136.63,-246.22,1169.74,-342.00,-126.78,1050.68,-89.60,-82.44,988.28,51.36,22.67,793.62,218.42,-204.80,779.23,-153.84,60.50,773.01,211.18,-129.56,664.17,-146.14,-15.84,644.07,405.31,-111.93,432.90,-322.23,-160.14,464.71,525.02,-79.62,32.97,-267.56,-136.21,33.85,
145,1385975697926,16,0,0,-386.05,-238.04,1459.56,-289.60,-196.47,1324.71,-389.17,-183.27,1299.62,-284.69,-210.50,1174.79,-134.38,-248.95,1169.98,-338.81,-122.25,1050.94,-88.77,-81.04,988.75,48.83,19.49,792.88,215.07,-209.57,778.04,-146.62,62.32,774.26,206.16,-137.31,662.73,-148.02,-11.24,644.42,404.84,-112.63,432.98,-326.06,-144.53,458.77,511.44,-119.13,0.74,-267.54,-136.27,33.61,
146,1385975697959,16,0,0,-387.99,-241.19,1459.18,-291.39,-192.63,1324.20,-389.12,-181.27,1299.70,-283.25,-208.36,1174.81,-136.45,-247.34,1169.80,-336.95,-118.75,1050.93,-91.10,-82.21,988.43,58.67,21.65,794.44,-330.81,-127.00,453.21,-150.62,57.98,773.49,209.75,-133.29,664.55,-149.56,-7.47,644.74,409.02,-107.61,434.86,-320.72,-162.39,464.70,511.44,-119.13,0.74,-267.54,-136.27,33.61,
147,1385975697992,16,0,0,-392.31,-233.67,1458.05,-298.53,-200.49,1323.92,-397.53,-194.63,1297.17,-275.86,-199.22,1175.51,-141.95,-252.58,1169.04,-337.38,-117.87,1050.48,-93.50,-85.67,987.84,62.75,26.40,795.85,213.92,-211.20,777.87,-152.61,62.79,773.65,208.70,-135.08,664.15,-150.68,-4.94,645.03,411.17,-105.03,435.77,-321.18,-161.03,464.99,511.44,-119.13,0.74,-262.20,-130.05,36.26,
148,1385975698026,16,0,0,-350.23,-205.90,1435.88,-299.63,-198.18,1323.64,-396.76,-198.55,1297.45,-274.07,-197.56,1175.37,-137.52,-244.56,1169.70,-335.59,-117.43,1050.52,-94.11,-84.56,987.75,60.98,28.34,795.63,225.08,-198.37,780.66,-152.61,62.79,773.65,208.70,-135.08,664.15,-150.68,-4.94,645.03,411.17,-105.03,435.77,-321.18,-161.03,464.99,511.44,-119.13,0.74,-260.34,-133.72,35.31,
149,1385975698059,16,0,0,-349.96,-204.51,1435.63,-302.69,-191.75,1322.79,-396.58,-199.18,1297.22,-279.85,-204.39,1174.24,-136.84,-245.87,1169.72,-338.87,-115.72,1049.14,-94.72,-83.48,987.48,59.50,28.53,795.38,225.08,-198.37,780.66,-156.08,57.06,772.13,208.70,-135.08,664.15,-148.15,-9.50,644.71,411.17,-105.03,435.77,-321.89,-158.98,465.13,511.82,-119.21,0.51,-260.34,-133.72,35.31,
150,1385975698092,16,0,0,-389.38,-247.68,1458.97,-294.90,-193.80,1323.99,-398.68,-195.07,1296.43,-278.98,-203.69,1173.81,-136.61,-247.30,1169.13,-340.98,-120.66,1048.36,-94.30,-82.97,987.50,61.57,25.71,795.63,225.08,-198.37,780.66,-156.30,57.60,772.41,208.70,-135.08,664.15,-147.94,-9.57,644.98,412.15,-109.25,435.01,-321.89,-158.98,465.13,511.82,-119.21,0.51,-260.34,-133.72,35.31,
151,1385975698126,16,0,0,-397.00,-232.26,1455.51,-330.81,-127.00,453.21,-410.64,-196.92,1294.95,-282.94,-212.79,1173.19,-304.00,-198.31,1323.13,-340.58,-121.47,1047.60,-93.47,-81.95,987.58,61.41,23.26,795.38,-139.69,-241.36,1168.25,-156.56,58.26,772.50,221.59,-196.25,817.49,-147.73,-9.69,644.87,413.31,-107.86,435.59,-321.89,-158.98,465.13,510.32,-121.57,-0.70,-260.34,-133.72,35.31,
152,1385975698159,16,0,0,-397.54,-231.26,1454.93,-330.81,-127.00,453.21,-410.65,-196.92,1294.81,-283.33,-214.80,1173.14,-295.35,-191.40,1323.65,-353.47,-134.69,1045.63,-94.08,-82.70,987.39,57.63,31.32,795.53,-140.35,-240.08,1168.20,-156.56,58.26,772.50,226.18,-199.15,817.53,-146.72,-7.11,645.89,413.31,-107.86,435.59,-320.55,-161.26,465.00,510.32,-121.57,-0.70,-260.34,-133.72,35.31,
153,1385975698192,16,0,0,-385.09,-232.44,1456.67,-330.81,-127.00,453.21,-407.83,-199.03,1294.92,-285.01,-213.80,1172.48,-294.07,-189.88,1323.65,-345.64,-126.58,1046.38,-94.89,-83.69,987.17,63.57,35.56,797.19,-139.66,-241.41,1168.25,-156.99,59.29,772.60,223.08,-192.28,817.71,-146.31,-7.82,646.13,414.26,-109.20,435.49,-320.55,-161.26,465.00,504.47,-130.75,-4.80,-260.36,-133.66,35.55,
154,1385975698226,16,0,0,-350.11,-200.44,1434.09,-330.81,-127.00,453.21,-407.35,-201.07,1295.08,-284.15,-214.57,1172.50,-300.94,-196.54,1321.93,-345.64,-126.58,1046.38,-94.08,-82.70,987.39,63.57,35.56,797.19,-140.35,-240.08,1168.20,-157.32,59.90,772.88,224.14,-193.96,817.59,-146.31,-7.80,646.49,412.63,-109.41,434.87,-320.55,-161.26,465.00,498.57,-140.00,-8.76,-260.34,-133.72,35.31,
155,1385975698259,16,0,0,-350.11,-200.44,1434.09,-301.60,-195.15,1321.69,-407.46,-201.19,1294.81,-284.80,-213.73,1172.01,-139.65,-241.31,1167.89,-344.20,-124.21,1046.89,-93.48,-83.78,987.66,64.36,34.30,797.24,228.10,-200.26,817.39,-156.32,60.04,773.22,217.81,-124.86,667.21,-146.31,-7.80,646.49,417.12,-115.75,434.12,-319.36,-161.17,464.77,498.57,-140.00,-8.76,-260.36,-133.66,35.55,
156,1385975698292,16,0,0,-389.83,-225.35,1455.20,-300.96,-197.20,1322.56,-401.67,-191.44,1295.00,-285.00,-215.07,1172.21,-137.44,-244.45,1168.49,-344.28,-125.89,1046.56,-93.67,-85.88,987.67,63.09,37.01,797.30,223.96,-191.71,818.03,-158.39,64.72,773.88,217.81,-124.86,667.21,-146.31,-7.80,646.49,416.33,-114.33,434.34,-318.40,-163.15,464.62,498.57,-140.00,-8.76,-265.48,-140.48,32.84,
157,1385975698326,16,0,0,-388.87,-224.55,1455.28,-294.66,-193.40,1324.15,-422.63,-219.45,1317.14,-279.35,-204.03,1172.64,-136.80,-245.82,1169.36,-342.24,-126.19,1047.24,-92.75,-85.94,988.14,63.73,35.65,797.36,223.96,-191.71,818.03,-157.89,64.28,774.30,217.81,-124.86,667.21,-145.97,-8.06,646.61,416.33,-114.33,434.34,-317.64,-161.79,464.67,498.57,-140.00,-8.76,-265.70,-139.89,32.91,
158,1385975698360,16,0,0,-389.95,-238.86,1456.64,-303.86,-204.13,1323.62,-424.09,-214.70,1317.32,-276.41,-195.28,1173.42,-136.80,-245.82,1169.36,-343.40,-129.46,1047.00,-94.71,-82.21,988.83,63.74,35.66,797.84,223.13,-190.01,817.95,-158.62,66.68,774.91,217.81,-124.86,667.21,-140.24,-12.02,671.42,413.64,-109.48,434.95,-315.79,-143.94,460.25,498.57,-140.00,-8.76,-265.69,-139.95,32.67,
