0,1385975693123,4,5,6,183.33,-31.42,1425.73,226.59,-216.19,1729.66,194.94,20.53,1122.30,179.20,58.44,914.40,310.82,-3.16,1344.00,268.04,-117.92,1619.39,431.83,-56.07,900.28,502.24,20.39,474.88,523.41,-22.99,57.05,160.38,-136.39,1627.28,54.43,3.35,1318.59,-26.61,-10.39,876.60,17.94,-52.53,761.93,-113.05,-60.32,486.34,-124.94,-45.45,36.02,
1,1385975693157,4,5,6,188.16,-41.08,1427.76,227.63,-218.34,1729.95,196.94,16.63,1123.14,179.20,58.44,914.40,308.76,0.76,1344.96,268.04,-117.92,1619.39,439.43,-66.63,900.42,502.24,20.39,474.88,523.41,-22.99,57.05,159.72,-135.72,1626.88,53.42,4.87,1318.55,-26.61,-10.39,876.60,16.55,-50.18,762.11,-113.05,-60.32,486.34,-124.94,-45.45,36.02,
2,1385975693191,4,5,6,188.16,-41.08,1427.76,223.64,-211.44,1726.49,196.26,17.70,1123.87,177.84,61.08,913.87,311.40,-4.14,1345.53,268.04,-117.92,1619.39,433.40,-55.94,900.43,502.24,20.39,474.88,523.41,-22.99,57.05,160.79,-137.96,1627.27,54.93,2.42,1319.87,-25.33,-12.55,876.69,17.94,-52.53,761.93,-113.05,-60.32,486.34,-124.94,-45.45,36.02,
3,1385975693223,4,6,6,189.95,-44.43,1428.32,223.55,-211.87,1724.70,197.69,15.56,1124.26,180.03,59.08,913.99,312.04,-5.05,1345.96,262.88,-110.72,1617.50,433.56,-55.51,900.78,373.63,-19.28,779.60,505.13,16.53,473.70,523.41,-22.99,57.05,165.84,-148.54,1628.71,58.00,-3.53,1321.15,-26.61,-10.39,876.60,14.47,-44.05,761.91,-115.89,-53.43,487.09,-124.94,-45.45,36.02,
4,1385975693256,4,6,6,186.89,-40.24,1427.90,227.77,-221.28,1726.60,199.80,11.13,1125.16,181.07,57.52,914.12,312.04,-5.05,1345.96,268.53,-121.94,1618.75,431.60,-52.67,901.63,364.51,-3.62,780.16,506.66,13.97,473.48,531.52,-36.63,53.99,163.80,-146.07,1627.52,61.12,-12.11,1323.18,-24.49,-14.44,876.81,14.15,-43.30,762.53,-116.75,-51.32,487.41,-124.94,-45.45,36.02,
5,1385975693291,4,6,6,187.69,-42.44,1426.82,224.74,-213.09,1724.34,192.81,22.14,1124.80,182.41,56.02,914.45,313.32,-7.43,1346.40,265.69,-118.89,1615.88,437.22,-58.59,904.54,387.41,-35.58,781.68,517.06,-4.49,471.69,531.52,-36.63,53.99,165.28,-152.08,1628.05,58.87,-10.60,1323.64,-26.36,-10.88,877.36,19.44,-51.77,762.02,-111.06,-61.53,486.31,-124.24,-47.17,35.49,
6,1385975693323,4,6,6,190.19,-46.30,1427.19,236.45,-232.36,1724.96,191.45,24.18,1124.62,185.60,50.72,913.73,313.32,-7.43,1346.40,266.34,-122.33,1616.10,441.38,-61.28,907.08,370.10,-4.31,783.78,521.38,-11.69,471.64,531.52,-36.63,53.99,161.19,-144.78,1622.72,63.57,-25.18,1326.84,-24.85,-14.25,878.05,18.99,-50.76,762.35,-109.72,-63.94,485.92,-131.80,-33.58,38.90,
7,1385975693356,4,6,6,189.11,-44.17,1426.53,244.17,-239.59,1724.55,182.38,39.13,1126.00,181.97,58.32,912.23,309.57,-0.43,1345.68,270.92,-123.27,1613.97,421.60,-25.14,908.51,380.51,-14.79,782.42,524.90,-22.72,470.29,531.52,-36.63,53.99,167.76,-153.16,1621.83,63.34,-26.08,1329.69,-24.88,-14.25,877.32,18.99,-50.76,762.35,-112.84,-63.53,486.44,-131.80,-33.58,38.90,
8,1385975693391,4,6,6,197.12,-55.29,1427.04,243.63,-230.46,1718.23,194.50,21.81,1128.56,172.97,75.15,909.18,303.33,13.04,1343.71,273.99,-121.18,1610.74,435.04,-38.47,907.43,382.14,-13.68,780.33,521.58,-24.11,470.90,539.70,-50.37,50.90,165.83,-146.11,1616.75,63.86,-33.44,1333.33,-29.10,-6.17,876.65,13.02,-40.75,763.03,-114.41,-64.39,487.21,-128.72,-41.10,37.08,
9,1385975693423,4,6,6,208.99,-69.08,1426.06,257.39,-240.53,1713.30,194.72,26.07,1129.81,175.75,77.38,904.75,313.43,0.85,1341.93,285.91,-131.57,1606.71,424.15,-9.68,903.17,374.98,2.43,776.76,527.20,-37.63,469.38,539.44,-50.56,51.97,174.50,-148.65,1612.28,69.64,-47.65,1335.29,-29.73,-3.37,875.96,11.99,-39.23,763.05,-107.37,-82.66,485.18,-129.15,-40.33,37.15,
10,1385975693456,4,6,6,206.45,-56.27,1419.85,272.01,-240.51,1702.25,189.52,41.67,1130.53,178.21,80.87,900.57,319.25,2.24,1338.92,294.32,-129.73,1599.52,426.68,-0.33,895.88,378.21,4.64,772.17,522.44,-33.67,469.95,539.47,-50.55,52.65,190.82,-161.77,1607.84,78.25,-61.58,1336.32,-38.76,19.45,875.91,16.02,-43.84,760.96,-110.07,-82.36,485.79,-130.18,-38.47,37.77,
11,1385975693491,4,6,6,213.10,-51.72,1411.74,283.60,-236.17,1688.47,200.96,30.31,1131.80,179.74,86.57,896.80,330.85,-4.00,1334.90,316.32,-143.72,1593.26,426.42,13.59,891.84,383.09,4.53,767.11,522.13,-33.84,469.22,537.35,-47.77,52.86,212.16,-175.92,1600.87,76.98,-53.05,1333.36,-22.49,-3.15,875.21,14.36,-37.31,759.83,-112.02,-81.03,485.98,-128.72,-41.10,37.08,
12,1385975693523,4,6,6,246.95,-88.98,1409.79,308.58,-247.18,1675.78,198.99,41.24,1131.53,170.38,112.96,893.60,338.50,0.99,1328.71,323.55,-129.02,1577.40,436.30,12.40,887.51,377.62,22.28,763.60,519.54,-28.87,468.75,537.33,-47.77,52.17,226.37,-175.84,1589.65,88.08,-60.21,1333.69,-39.39,39.76,873.67,0.39,-3.19,759.61,-111.25,-82.93,485.66,-130.46,-37.90,38.76,
13,1385975693556,4,6,6,251.68,-70.17,1397.90,340.42,-269.24,1664.31,203.38,48.82,1131.52,174.99,119.05,892.41,356.89,-7.49,1321.69,352.41,-143.42,1564.24,436.87,23.01,885.79,363.51,55.46,762.72,530.97,-44.12,466.41,539.42,-50.56,51.28,244.77,-173.07,1574.29,106.24,-75.79,1332.53,-29.90,33.65,872.60,15.77,-21.69,757.32,-111.26,-82.79,487.21,-129.62,-39.11,39.25,
14,1385975693591,4,6,6,274.82,-81.17,1388.40,360.57,-264.44,1643.19,214.34,46.61,1131.79,181.66,118.53,891.04,372.11,-4.78,1311.25,375.32,-148.30,1547.85,435.37,41.30,883.15,381.65,43.41,758.88,523.56,-26.18,467.61,539.70,-50.37,50.90,280.02,-196.27,1561.35,125.85,-87.67,1332.01,-17.79,19.88,872.54,13.62,-6.20,756.53,-112.68,-73.99,487.91,-130.33,-37.38,39.79,
15,1385975693623,4,6,6,304.40,-97.49,1375.74,396.31,-281.49,1622.56,222.59,48.88,1131.41,192.70,109.20,887.86,388.64,-2.73,1296.44,402.98,-153.21,1525.75,434.99,58.52,881.13,387.04,49.93,755.58,528.98,-27.26,466.23,523.41,-22.99,57.05,303.51,-195.52,1541.73,149.59,-102.38,1328.16,-27.41,48.77,874.48,13.04,4.75,755.95,-109.82,-76.56,487.35,-129.30,-39.20,39.87,
16,1385975693656,4,6,6,291.25,-40.54,1454.86,474.87,-369.08,1503.93,238.72,39.11,1131.31,186.74,130.84,885.31,409.66,-6.99,1281.63,441.07,-176.30,1507.39,443.75,60.70,878.45,390.37,52.76,753.47,537.88,-32.21,464.67,523.86,-23.03,56.66,333.36,-204.76,1521.37,165.64,-101.99,1321.15,-13.56,34.53,873.52,28.22,-14.79,752.05,-104.08,-87.65,486.64,-133.22,-28.57,43.75,
17,1385975693690,4,6,6,337.60,-76.74,1437.29,483.77,-340.50,1475.17,246.93,45.86,1127.07,192.75,134.78,883.42,436.35,-16.62,1262.74,462.08,-166.95,1479.90,448.06,67.58,874.84,394.47,59.96,750.90,528.81,-15.40,464.85,529.97,-30.65,54.45,362.31,-207.05,1498.53,185.92,-105.74,1313.55,-3.44,27.96,874.45,29.11,-3.66,750.48,-103.92,-88.29,488.74,-131.98,-30.93,43.47,
18,1385975693723,4,6,6,377.63,-100.91,1417.50,482.55,-295.77,1443.70,265.55,38.42,1124.31,194.13,146.44,878.89,465.46,-32.67,1244.43,501.27,-188.71,1456.27,460.60,61.85,870.21,395.21,67.27,746.65,539.72,-29.25,462.65,538.67,-42.23,50.52,400.50,-226.92,1477.83,215.92,-120.32,1306.92,-7.02,47.07,875.69,33.12,-3.12,749.46,-104.52,-87.58,490.91,-129.96,-36.47,44.93,
19,1385975693756,4,6,6,419.63,-132.94,1396.08,521.30,-319.90,1420.92,280.94,38.88,1120.50,206.07,142.72,873.99,485.42,-34.22,1219.92,542.41,-216.52,1432.90,468.03,64.48,864.07,402.85,68.89,740.50,546.35,-37.79,460.64,531.42,-33.07,54.05,436.25,-244.81,1454.78,239.95,-129.44,1298.02,-2.94,57.90,876.10,24.87,18.24,751.77,-94.07,-114.11,492.75,-119.28,-64.40,42.75,
20,1385975693790,4,6,6,476.09,-191.64,1379.48,527.62,-298.60,1391.55,294.16,41.57,1115.26,209.01,151.23,870.55,501.74,-36.67,1198.25,560.39,-213.40,1403.46,473.76,70.32,855.29,409.71,66.11,735.76,548.04,-40.00,459.42,531.42,-33.07,54.05,468.29,-262.20,1432.05,258.91,-130.01,1287.29,4.08,62.31,881.47,40.08,-3.64,753.61,-96.91,-121.24,502.64,-124.41,-65.01,49.28,
21,1385975693823,4,6,6,513.24,-223.58,1356.92,547.82,-302.01,1365.00,321.60,15.89,1109.74,215.05,155.75,867.50,530.85,-58.95,1176.44,586.52,-226.38,1375.83,472.68,84.29,851.27,413.09,68.08,731.97,543.10,-32.48,459.20,531.42,-33.07,54.05,493.01,-271.54,1406.32,293.38,-163.22,1278.77,7.83,66.49,884.69,34.98,13.62,755.60,-97.69,-130.69,508.99,-124.62,-85.88,51.65,
22,1385975693856,4,6,6,607.70,-362.28,1436.40,476.05,-160.17,1238.23,324.04,24.24,1103.49,221.70,150.93,864.54,547.02,-71.14,1156.07,612.96,-244.90,1349.33,483.38,73.49,849.71,418.51,66.62,728.48,553.13,-45.14,458.28,529.97,-30.65,54.45,514.88,-282.12,1382.18,312.38,-174.80,1267.02,7.50,81.04,883.22,48.29,-3.33,753.90,-102.52,-123.40,512.04,-127.56,-110.76,48.95,
23,1385975693891,4,6,6,635.59,-384.33,1409.73,500.19,-186.26,1218.38,342.72,1.03,1099.25,222.55,153.77,860.50,401.25,131.04,1201.67,828.06,-529.90,1258.82,481.68,76.04,844.89,414.38,76.19,727.69,559.30,-51.44,456.45,538.67,-42.23,50.52,530.98,-290.02,1358.10,336.52,-204.22,1255.60,17.25,65.74,883.10,47.63,-0.98,752.60,-99.96,-125.94,511.25,-139.34,-132.37,46.70,
24,1385975693923,4,6,6,657.44,-405.22,1384.07,503.62,-188.21,1197.29,344.96,-2.89,1091.92,227.82,143.76,859.02,427.94,94.71,1182.70,804.52,-489.95,1228.60,486.36,71.90,840.44,424.58,62.26,722.87,560.29,-55.23,455.44,541.16,-45.59,48.93,548.89,-305.48,1335.22,340.73,-205.98,1241.65,16.29,64.63,882.51,48.90,-1.74,748.80,-103.32,-116.75,506.49,-154.31,-146.85,43.83,
25,1385975693956,4,6,6,654.77,-393.07,1353.07,512.89,-206.01,1176.91,350.67,-14.03,1083.66,223.01,150.41,854.77,460.95,44.89,1164.07,793.70,-473.31,1202.32,482.79,73.35,835.28,417.79,67.86,719.49,559.91,-60.52,456.65,538.67,-42.23,50.52,566.41,-329.18,1314.10,349.66,-221.91,1227.24,15.98,62.47,879.59,47.54,-2.32,745.68,-111.68,-111.32,500.36,-167.20,-144.83,41.83,
26,1385975693991,4,6,6,655.31,-395.39,1330.59,535.39,-247.67,1159.42,352.11,-24.95,1075.19,215.39,156.29,851.04,480.60,9.81,1145.21,791.91,-476.05,1178.11,485.92,59.60,829.48,412.29,71.70,714.84,571.20,-83.52,453.04,533.24,-35.48,53.65,569.69,-335.21,1290.35,353.60,-233.40,1213.11,25.16,37.86,876.17,35.37,10.41,740.73,-119.83,-108.56,498.59,-173.58,-136.66,40.19,
27,1385975694023,4,6,6,684.64,-447.68,1312.45,528.46,-248.73,1138.79,345.85,-21.10,1066.80,216.48,143.58,844.85,485.47,-5.26,1127.77,763.81,-446.71,1152.64,483.92,52.25,824.70,417.68,54.08,709.06,555.95,-70.21,455.95,521.80,-20.28,57.87,579.45,-358.14,1269.17,361.04,-256.42,1199.38,19.00,35.71,874.10,35.55,0.44,735.54,-119.35,-118.28,493.36,-176.99,-131.00,37.08,
28,1385975694057,4,6,6,681.12,-452.89,1291.93,524.82,-257.37,1120.57,338.53,-24.33,1058.50,206.51,154.89,844.08,494.78,-34.69,1110.24,754.83,-447.50,1131.35,469.28,64.70,820.87,405.54,62.94,706.73,550.09,-70.94,455.92,531.52,-36.63,53.99,567.98,-350.46,1248.16,366.87,-281.44,1187.16,1.40,56.67,873.13,34.58,-9.20,733.54,-127.33,-110.83,489.56,-177.03,-130.64,33.78,
29,1385975694090,4,6,6,688.77,-476.85,1274.59,518.88,-265.57,1103.57,348.29,-52.08,1053.85,208.62,143.62,843.89,512.10,-76.02,1094.23,735.44,-433.42,1112.15,469.85,55.05,818.40,402.14,60.73,704.81,540.34,-64.36,457.99,537.17,-46.74,52.87,568.91,-365.53,1229.13,359.25,-286.61,1172.74,-0.92,57.75,875.32,12.85,22.13,735.74,-122.91,-132.62,486.38,-176.23,-132.71,33.41,
30,1385975694123,4,6,6,678.74,-477.98,1253.63,514.55,-274.74,1090.40,331.97,-31.60,1047.76,197.05,157.23,844.17,488.29,-53.00,1078.21,728.61,-440.41,1096.45,452.93,67.79,817.63,395.36,59.84,704.71,535.59,-67.88,459.11,537.83,-47.80,53.50,564.47,-372.81,1210.87,356.85,-300.61,1161.67,-3.94,59.86,881.88,20.46,-2.89,737.13,-130.89,-127.81,492.03,-186.13,-113.89,37.84,
31,1385975694156,3,6,6,675.45,-491.84,1237.96,524.56,-316.52,1071.41,196.67,152.97,845.21,492.75,-78.43,1065.49,739.30,-474.87,1082.69,462.88,42.95,816.46,393.57,59.56,704.38,532.70,-67.41,461.01,537.83,-47.80,53.50,560.43,-382.82,1196.09,347.34,-305.75,1147.30,-9.06,62.02,883.37,8.38,12.85,737.05,-140.67,-118.05,492.38,-188.10,-110.51,38.38,
32,1385975694190,3,6,6,659.67,-486.40,1221.66,333.56,-59.61,1042.36,182.89,167.00,846.07,485.74,-84.24,1054.31,729.73,-480.57,1069.66,442.08,66.67,816.10,371.15,86.77,705.29,537.21,-79.39,460.37,537.83,-47.80,53.50,550.24,-384.16,1180.56,350.54,-333.38,1137.26,-14.70,62.76,884.93,8.25,3.17,737.74,-146.12,-109.18,489.78,-187.85,-111.13,38.51,
33,1385975694223,3,6,6,652.71,-494.10,1210.43,340.69,-84.49,1036.67,189.73,154.08,846.73,476.47,-86.14,1044.06,730.46,-501.12,1057.72,449.10,51.16,816.18,378.14,70.49,704.47,528.15,-68.77,462.15,537.83,-47.80,53.50,546.38,-395.36,1168.25,342.12,-342.61,1123.51,-19.22,67.80,886.93,-2.31,18.57,737.56,-140.22,-128.32,489.37,-187.85,-111.13,38.51,
34,1385975694256,3,6,6,657.03,-523.97,1198.05,316.90,-54.92,1032.46,190.36,149.14,846.15,549.88,-205.76,983.57,641.44,-394.07,1101.10,443.80,51.57,816.86,377.70,70.42,704.45,532.15,-79.01,461.26,537.83,-47.80,53.50,532.33,-391.00,1154.91,331.39,-346.55,1113.01,-19.74,68.17,886.71,-7.86,26.47,736.81,-147.70,-122.10,492.33,-187.82,-111.13,39.45,
35,1385975694290,3,6,6,638.71,-516.63,1188.43,309.89,-55.70,1026.82,186.90,154.71,845.02,533.27,-193.40,977.53,617.32,-379.58,1087.93,440.97,55.33,816.32,367.81,84.59,704.40,514.02,-55.66,464.70,537.83,-47.80,53.50,522.88,-394.28,1143.63,316.45,-341.36,1103.07,-21.87,71.18,886.35,-4.63,18.34,735.92,-152.49,-113.71,492.61,-185.16,-118.01,37.79,
36,1385975694323,3,6,6,642.23,-541.65,1183.84,319.35,-78.44,1024.86,184.20,160.25,844.85,527.93,-201.73,971.20,627.03,-415.73,1080.15,425.69,75.24,816.59,367.81,84.59,704.40,530.61,-83.93,461.50,537.37,-47.77,53.54,515.18,-399.30,1135.00,316.07,-359.42,1095.41,-18.92,66.27,885.42,-7.67,23.84,735.84,-151.39,-115.80,491.71,-184.01,-120.97,37.31,
37,1385975694356,3,6,6,568.22,-446.41,1102.16,354.42,-147.21,1085.68,186.68,159.77,844.83,530.47,-219.57,966.47,628.28,-437.01,1072.23,440.40,49.35,815.97,376.41,69.39,702.52,521.94,-74.39,462.26,523.58,-29.94,59.31,506.14,-400.78,1128.34,310.40,-364.02,1090.26,-25.09,79.84,885.06,-12.51,35.11,735.41,-151.37,-115.80,492.20,-184.72,-119.57,38.59,
38,1385975694390,3,6,6,528.22,-392.20,1093.47,378.44,-199.62,1084.51,187.00,161.38,843.63,521.03,-220.81,958.91,607.46,-423.52,1061.57,452.21,27.63,814.05,376.31,69.37,699.52,521.43,-79.66,461.84,520.09,-25.26,61.27,514.71,-428.30,1123.33,297.77,-353.35,1085.74,-33.23,102.29,884.95,-8.66,30.41,734.01,-151.15,-117.77,493.51,-186.11,-117.47,39.29,
39,1385975694423,3,6,6,494.17,-348.05,1088.54,403.09,-251.02,1084.67,181.98,175.46,842.78,527.65,-242.12,958.25,597.32,-425.18,1053.88,439.95,41.93,812.60,385.02,54.04,698.62,525.20,-91.26,461.26,520.09,-25.26,61.27,501.90,-418.17,1117.68,295.62,-361.20,1084.42,-13.42,72.33,883.92,-8.88,33.12,732.85,-152.49,-113.71,492.61,-186.91,-115.40,39.84,
40,1385975694456,3,6,6,456.62,-295.29,1083.03,427.50,-299.73,1084.19,192.27,161.19,842.46,516.43,-233.91,955.07,585.09,-421.17,1047.72,451.24,21.09,811.37,382.95,56.90,699.01,525.73,-93.54,461.20,536.36,-52.66,55.14,495.51,-418.52,1112.66,295.67,-372.28,1081.41,-22.20,93.52,883.79,-13.11,47.14,732.67,-152.13,-113.87,492.54,-184.73,-117.64,40.53,
41,1385975694490,3,5,6,431.84,-264.06,1080.46,451.46,-350.08,1082.66,192.62,166.56,840.30,447.54,25.46,811.57,590.05,-444.51,1044.51,382.95,56.90,699.01,518.19,-88.28,461.62,535.91,-52.61,55.57,498.90,-434.09,1110.09,284.25,-363.19,1078.88,-19.13,95.27,883.47,-4.75,37.32,731.43,-148.66,-118.93,492.19,-183.94,-119.42,40.56,
42,1385975694523,3,5,6,409.74,-236.25,1078.91,457.28,-371.85,1082.12,191.18,173.62,838.72,445.86,27.77,812.45,579.46,-443.28,1040.03,387.10,51.18,698.23,521.16,-93.37,460.74,526.49,-40.05,58.97,487.33,-423.97,1107.36,283.29,-371.64,1078.32,-15.09,93.83,880.54,-6.15,44.20,729.34,-151.78,-111.02,493.18,-185.03,-117.33,41.36,
43,1385975694556,3,4,6,356.16,-147.14,1073.82,472.70,-403.07,1083.23,200.44,164.93,836.94,437.67,38.15,811.77,371.04,79.88,698.11,522.41,-96.16,460.32,516.98,-27.35,62.72,490.14,-440.51,1105.10,281.85,-383.78,1076.25,-23.69,116.52,878.81,-15.20,65.24,729.03,-150.59,-110.29,493.22,-183.93,-119.42,40.78,
44,1385975694591,3,4,6,352.98,-151.30,1070.70,478.90,-421.62,1081.68,198.42,171.79,835.48,441.80,29.72,809.76,375.68,73.43,695.83,522.01,-98.61,460.23,530.20,-50.36,57.40,475.89,-426.42,1103.24,264.29,-363.61,1072.73,-6.51,90.18,875.41,-2.62,47.85,724.26,-149.97,-109.59,492.20,-185.13,-116.34,41.01,
45,1385975694623,3,4,6,330.43,-122.40,1068.37,507.33,-479.16,1081.45,196.55,179.17,830.80,439.87,34.44,807.88,377.78,70.44,693.47,518.92,-96.91,460.43,529.84,-50.42,57.73,469.90,-427.62,1101.46,259.46,-362.58,1070.47,-20.37,123.27,871.84,0.08,46.98,720.72,-144.59,-119.59,490.90,-184.35,-117.83,40.49,
46,1385975694656,3,3,6,296.00,-71.91,1064.19,544.61,-546.61,1084.02,206.42,169.99,826.61,445.59,27.74,804.32,528.95,-115.22,456.80,516.51,-27.24,62.78,464.27,-429.37,1099.31,261.30,-366.07,1069.88,-3.02,101.12,868.12,-7.58,66.18,720.36,-149.10,-108.20,491.65,-184.31,-118.53,39.10,
47,1385975694691,3,3,6,298.68,-74.86,997.49,544.61,-556.88,1151.75,204.05,183.50,820.11,443.85,30.33,797.46,517.47,-103.21,457.01,515.09,-24.82,63.54,459.79,-429.65,1097.23,255.02,-352.88,1069.01,-5.06,118.87,866.90,5.21,50.29,715.06,-152.01,-100.02,490.97,-183.12,-123.73,37.61,
48,1385975694723,3,4,6,302.43,-66.28,986.20,528.35,-543.69,1150.63,205.56,193.18,813.73,446.80,28.79,789.37,541.14,-457.68,1024.51,533.76,-132.09,452.15,516.51,-27.24,62.78,454.44,-424.99,1093.63,255.75,-349.65,1065.83,-1.77,134.43,863.67,-6.55,81.93,714.07,-148.73,-104.43,488.82,-187.08,-116.79,38.41,
49,1385975694756,3,4,6,309.61,-71.61,980.10,518.08,-543.84,1149.49,205.79,204.77,807.44,450.32,23.68,781.29,535.12,-457.08,1020.22,526.06,-127.39,450.34,516.51,-27.24,62.78,447.77,-417.18,1089.07,249.20,-331.96,1060.59,-0.77,150.23,860.44,2.58,78.46,710.01,-149.20,-102.31,488.37,-180.86,-133.81,33.75,
50,1385975694791,3,4,6,306.03,-55.76,970.76,512.37,-543.16,1146.07,214.83,202.04,801.89,455.11,20.30,774.32,538.00,-469.01,1015.04,528.17,-131.78,449.23,515.09,-24.82,63.54,453.10,-428.48,1083.69,259.49,-343.31,1055.67,5.47,154.23,857.82,8.69,75.46,705.88,-151.79,-91.09,489.08,-184.88,-127.11,34.48,
51,1385975694823,3,4,6,324.86,-77.46,963.19,509.66,-548.13,1139.41,233.11,184.15,795.36,454.36,26.58,767.38,527.49,-454.31,1010.75,524.54,-129.14,447.66,515.09,-24.82,63.54,454.70,-432.05,1078.35,252.91,-324.32,1049.55,12.08,158.10,854.32,3.58,94.93,704.60,-147.63,-91.35,489.26,-185.54,-127.21,33.71,
52,1385975694856,3,4,6,313.01,-51.74,955.57,501.84,-540.95,1135.66,239.38,186.61,789.04,461.88,17.38,761.07,525.42,-455.60,1004.78,518.94,-127.25,446.58,516.52,-27.24,63.16,453.89,-432.05,1074.11,258.73,-329.47,1042.53,17.34,164.10,851.47,14.06,88.65,698.95,-140.51,-102.69,488.01,-183.00,-135.30,31.51,
53,1385975694890,3,4,6,331.11,-72.90,948.32,523.99,-588.46,1132.30,245.79,190.06,784.86,463.68,18.65,755.90,525.35,-455.61,1002.53,532.95,-152.99,442.49,516.75,-27.53,64.43,448.97,-421.57,1068.76,262.69,-327.63,1035.36,24.14,166.39,847.36,22.09,81.50,696.45,-139.41,-90.74,491.94,-190.67,-121.26,33.98,
54,1385975694923,3,4,6,329.61,-61.51,940.67,513.57,-571.51,1130.06,248.82,194.14,780.19,467.72,22.04,751.02,527.12,-454.36,999.06,531.82,-158.67,441.32,521.34,-35.88,62.71,452.77,-428.52,1064.85,261.54,-321.90,1028.49,34.11,162.39,844.13,22.26,94.13,693.61,-128.00,-107.18,489.04,-195.25,-113.52,35.78,
55,1385975694956,3,4,6,343.99,-77.88,934.45,505.15,-559.71,1123.62,244.58,211.38,776.42,480.95,8.17,746.76,550.26,-493.29,996.51,532.78,-161.22,437.85,524.82,-41.76,61.34,451.07,-423.50,1059.86,276.18,-342.26,1021.52,42.92,161.15,842.12,22.38,106.29,691.61,-126.75,-96.23,487.33,-195.94,-113.54,35.11,
56,1385975694991,3,4,6,346.99,-73.35,926.41,508.28,-567.71,1121.47,257.23,203.96,772.81,482.46,9.27,740.56,537.28,-469.10,992.78,527.01,-153.84,438.30,532.91,-55.42,58.27,456.02,-431.24,1055.74,279.32,-345.82,1014.14,48.15,167.33,840.29,33.38,99.72,689.38,-112.31,-117.61,484.83,-190.77,-130.09,31.12,
57,1385975695023,3,4,6,351.25,-75.10,921.72,503.97,-569.68,1116.95,266.99,199.21,768.70,485.73,11.51,736.35,552.51,-497.14,987.67,521.29,-145.23,437.26,531.33,-53.30,59.00,455.96,-431.50,1050.48,278.54,-337.90,1007.68,57.04,166.67,837.89,49.99,79.23,685.71,-118.43,-96.26,486.28,-189.17,-145.21,28.34,
58,1385975695056,3,3,6,365.58,-88.23,916.29,513.59,-593.94,1112.93,275.76,194.27,764.35,489.02,13.74,732.81,523.54,-149.24,435.11,531.33,-53.30,59.00,462.90,-447.35,1046.82,279.31,-335.39,1001.84,77.01,141.04,834.90,49.24,92.77,683.02,-115.53,-98.32,485.44,-198.42,-146.40,29.26,
59,1385975695091,3,4,6,365.40,-85.13,911.27,504.73,-592.13,1107.49,278.99,194.98,760.75,501.80,0.01,729.20,558.72,-515.03,982.13,533.36,-162.63,430.98,531.33,-53.30,59.00,465.56,-455.46,1043.78,290.93,-351.32,997.59,71.74,158.07,830.99,57.30,85.22,680.06,-110.08,-107.30,483.34,-212.08,-134.59,33.01,
60,1385975695123,3,3,6,362.69,-77.35,908.72,504.95,-597.86,1104.58,284.40,194.00,756.22,492.27,15.97,727.93,542.30,-177.84,427.80,531.33,-53.30,59.00,463.66,-454.28,1041.41,285.07,-336.94,991.86,81.95,148.73,828.79,59.99,88.24,677.61,-110.02,-108.30,484.78,-210.41,-147.23,30.35,
61,1385975695156,4,3,6,545.95,-495.91,980.67,491.50,-582.98,1102.38,376.43,-94.54,905.29,297.80,176.61,754.65,514.65,-13.85,724.16,547.79,-187.46,425.41,531.35,-53.30,59.68,453.97,-439.64,1040.60,281.79,-325.36,990.32,84.82,151.26,826.68,63.39,85.44,675.72,-110.75,-100.49,484.98,-216.57,-139.11,32.55,
62,1385975695190,3,3,6,381.82,-99.56,905.11,510.30,-624.69,1105.23,292.42,186.62,753.20,506.55,-0.29,723.59,547.79,-187.46,425.41,531.33,-53.30,59.00,455.08,-443.11,1041.16,291.76,-334.65,989.27,92.49,142.53,825.57,71.29,73.35,674.16,-104.65,-110.12,482.60,-223.16,-127.57,35.77,
63,1385975695223,3,3,6,372.00,-80.62,902.78,484.87,-589.76,1103.44,291.53,187.80,752.35,495.55,18.21,723.72,543.62,-177.14,426.50,531.33,-53.30,59.00,453.63,-440.87,1041.26,296.04,-330.33,989.01,92.30,141.88,825.81,71.39,72.52,674.72,-106.62,-108.02,483.29,-227.15,-120.59,37.73,
64,1385975695256,3,3,6,387.50,-98.09,900.37,488.53,-602.89,1105.43,294.42,180.55,751.35,517.95,-11.60,719.91,544.36,-176.57,426.44,523.13,-38.92,61.85,454.58,-442.04,1041.57,301.35,-322.52,989.62,96.09,131.54,826.29,69.20,72.76,675.46,-100.65,-125.65,483.33,-222.00,-134.35,34.77,
65,1385975695290,3,3,6,381.32,-80.23,897.49,477.02,-588.48,1104.27,302.28,165.89,749.40,508.27,4.48,717.65,536.78,-160.48,428.06,521.34,-35.88,62.71,452.53,-437.42,1040.70,308.09,-315.99,989.71,89.42,137.79,827.15,68.68,66.59,676.27,-106.32,-117.93,483.99,-222.40,-137.10,34.19,
66,1385975695323,3,3,6,390.02,-88.89,895.59,477.66,-589.79,1103.66,295.25,171.74,747.61,508.17,4.47,714.56,540.48,-165.57,427.28,522.17,-37.34,61.65,467.54,-459.47,1040.57,316.45,-313.60,989.63,90.06,132.86,826.67,67.26,64.11,674.66,-108.20,-121.45,483.35,-221.10,-146.27,33.67,
67,1385975695356,3,3,6,396.84,-94.56,891.72,473.57,-589.32,1101.56,289.21,176.77,747.24,519.43,-10.49,712.61,539.15,-164.33,427.36,523.11,-38.93,61.10,468.73,-461.47,1039.44,324.80,-311.20,989.27,94.77,117.72,824.84,69.72,53.77,672.56,-104.90,-134.06,482.20,-228.09,-139.77,36.28,
68,1385975695390,3,3,6,391.62,-84.49,889.32,478.87,-606.50,1100.74,303.86,147.48,742.47,508.04,4.45,710.44,551.01,-184.96,423.91,531.53,-53.14,57.94,469.34,-463.17,1038.46,330.10,-307.47,989.08,87.30,122.92,822.89,60.54,60.06,672.38,-109.02,-135.49,481.73,-229.62,-148.08,35.81,
69,1385975695423,3,3,6,394.00,-88.94,888.15,479.27,-623.60,1097.45,288.26,168.13,742.03,507.97,4.45,708.39,546.65,-178.13,424.62,531.53,-53.14,57.94,470.19,-473.22,1038.67,348.05,-328.91,989.57,87.78,115.02,820.82,60.34,55.59,670.99,-104.50,-151.37,480.63,-237.66,-139.46,39.52,
70,1385975695456,3,3,6,400.90,-101.52,888.10,483.25,-648.15,1097.48,279.00,174.58,741.09,506.44,6.97,707.72,539.28,-164.62,426.35,529.95,-51.02,58.67,468.18,-477.03,1039.23,337.70,-302.97,991.05,86.03,105.58,819.43,54.60,55.42,670.43,-103.97,-161.37,479.30,-237.03,-148.38,38.04,
71,1385975695491,3,3,6,404.29,-112.20,887.84,468.57,-634.20,1096.69,274.86,173.78,740.45,504.50,6.22,707.39,536.10,-159.05,427.72,529.95,-51.02,58.67,471.86,-496.09,1040.88,354.77,-328.92,991.89,78.64,108.44,818.31,62.94,31.99,667.82,-108.08,-162.87,478.75,-238.61,-144.87,39.47,
72,1385975695523,3,3,6,381.59,-83.73,888.78,460.45,-629.82,1098.87,286.81,148.94,738.52,504.56,2.19,708.50,541.17,-167.21,426.10,529.95,-51.02,58.67,458.52,-483.99,1042.82,352.92,-338.35,993.55,77.32,103.23,814.51,49.11,48.80,665.91,-108.11,-170.47,478.95,-237.45,-147.17,38.99,
73,1385975695556,3,3,6,378.52,-92.20,891.48,445.33,-614.10,1101.35,280.95,152.37,735.15,491.75,15.91,711.53,550.50,-184.79,424.25,529.95,-51.02,58.67,452.34,-488.63,1045.40,332.42,-324.65,994.76,71.46,105.04,810.65,50.59,42.51,662.99,-115.75,-164.08,479.06,-237.23,-147.80,38.43,
74,1385975695590,3,3,6,370.20,-93.13,893.43,450.06,-636.60,1109.07,267.95,169.35,733.10,499.55,-1.19,712.44,547.24,-181.60,425.48,529.95,-51.02,58.67,437.39,-481.35,1049.83,326.42,-336.44,996.23,62.03,117.47,804.19,44.88,50.78,656.31,-114.12,-168.88,477.12,-237.58,-146.86,38.52,
75,1385975695623,3,3,6,370.79,-106.88,894.88,439.69,-640.63,1116.45,254.10,188.53,728.93,496.32,0.21,711.72,547.01,-181.83,425.45,531.31,-53.31,58.33,426.90,-482.41,1055.36,315.12,-335.29,997.57,56.54,125.65,797.54,49.52,40.97,649.67,-119.19,-166.73,477.25,-238.19,-146.08,38.52,
76,1385975695656,3,3,6,365.63,-103.82,896.66,418.14,-624.16,1123.89,266.47,168.12,723.23,486.64,12.53,711.69,545.47,-179.17,425.64,531.31,-53.31,58.33,413.72,-479.24,1061.63,305.84,-343.47,997.64,59.57,118.96,791.35,42.06,52.20,645.39,-130.17,-149.02,479.31,-237.40,-148.23,38.07,
77,1385975695690,3,3,6,352.14,-96.06,897.34,394.77,-595.55,1129.86,252.64,189.67,720.43,486.73,12.54,714.42,543.53,-175.18,425.69,532.91,-55.42,58.27,400.74,-472.70,1067.08,285.53,-329.14,997.48,47.18,137.50,786.37,39.28,54.88,641.12,-124.80,-164.81,473.74,-239.60,-146.12,38.85,
78,1385975695723,3,3,6,346.64,-102.62,897.71,386.96,-595.52,1139.89,260.97,173.75,718.45,485.14,11.43,717.91,538.68,-163.11,427.53,515.06,-25.28,65.19,390.31,-471.33,1072.33,266.20,-326.27,997.06,50.33,129.74,781.15,38.79,55.62,635.46,-125.62,-162.41,473.37,-240.48,-150.81,39.58,
79,1385975695756,3,3,6,330.07,-87.52,899.61,387.54,-604.76,1147.21,250.37,187.48,718.48,487.07,9.12,723.35,546.28,-171.37,426.94,516.75,-27.53,64.43,373.31,-456.63,1076.15,247.25,-307.10,996.36,53.66,117.02,775.33,36.06,60.70,632.11,-128.98,-153.94,474.27,-244.37,-151.43,39.11,
80,1385975695791,3,3,6,307.75,-61.22,902.16,380.43,-601.81,1153.41,245.68,194.01,718.77,479.80,18.46,728.40,539.34,-155.61,430.00,515.09,-24.82,63.54,362.80,-451.49,1079.02,241.33,-308.46,997.07,43.80,131.57,771.48,31.37,70.47,628.50,-129.37,-151.66,473.54,-247.01,-150.77,38.96,
81,1385975695823,3,3,6,315.18,-86.19,902.39,357.42,-566.76,1159.37,249.74,186.17,715.96,471.13,27.42,733.48,543.31,-158.16,430.92,526.53,-40.04,60.34,349.09,-446.35,1082.47,240.12,-332.36,995.41,32.99,147.70,768.34,38.98,58.88,624.28,-132.20,-144.08,474.21,-250.99,-143.72,40.83,
82,1385975695856,3,4,6,320.56,-106.14,904.51,363.38,-591.13,1165.88,248.12,191.22,713.09,479.07,14.79,736.73,427.96,-477.24,1053.21,545.11,-157.75,430.89,526.51,-40.05,59.65,334.55,-440.49,1085.80,216.77,-308.26,995.37,29.56,154.20,763.82,37.35,65.03,620.60,-132.90,-142.76,474.54,-250.82,-144.90,41.52,
83,1385975695890,3,4,6,311.50,-106.45,905.61,345.97,-575.09,1171.67,247.84,191.60,711.30,473.24,21.57,740.70,406.85,-456.27,1059.25,553.31,-166.86,430.33,526.53,-40.04,60.34,332.80,-458.16,1090.17,205.72,-298.24,996.95,35.76,144.10,756.01,35.29,69.12,616.97,-129.67,-151.62,473.57,-246.62,-161.98,38.33,
84,1385975695923,3,4,6,290.14,-83.20,905.00,327.98,-556.66,1177.88,249.63,185.81,707.14,477.53,9.68,741.99,420.20,-497.94,1067.82,552.57,-165.63,429.87,526.53,-40.04,60.34,311.27,-447.69,1095.60,202.49,-311.07,998.97,29.73,153.12,749.40,40.23,61.13,611.24,-123.81,-167.12,471.17,-248.28,-163.10,37.48,
85,1385975695956,3,4,6,279.26,-79.81,906.01,324.61,-581.44,1189.12,243.80,195.89,703.63,469.71,19.16,745.26,396.79,-485.25,1076.90,551.52,-163.19,430.04,518.63,-30.07,63.30,299.81,-459.37,1101.89,194.55,-323.88,1000.76,30.16,151.35,743.34,35.43,68.37,607.48,-128.84,-159.82,471.21,-253.35,-155.62,39.56,
86,1385975695990,3,4,6,279.79,-102.92,907.22,308.91,-589.91,1201.49,243.39,193.29,702.43,474.21,3.68,749.04,372.17,-474.32,1088.48,555.18,-169.43,430.47,533.02,-54.94,59.39,278.26,-457.03,1108.27,171.00,-308.74,1002.21,27.94,155.73,736.45,37.75,65.97,602.95,-138.17,-145.97,473.53,-257.70,-147.58,41.58,
87,1385975696023,4,4,6,300.97,-429.58,977.37,275.41,-566.42,1211.76,249.93,-75.76,908.01,244.79,187.76,699.38,460.07,12.65,753.75,351.78,-475.25,1099.10,554.65,-169.75,430.89,532.75,-55.13,60.08,249.26,-447.79,1115.48,152.89,-311.20,1003.49,30.05,151.13,730.91,39.80,61.81,599.15,-138.83,-148.89,473.12,-257.70,-147.58,41.58,
88,1385975696056,4,4,6,271.08,-408.13,983.37,253.26,-571.83,1223.22,241.86,-78.27,908.39,244.81,187.77,700.06,454.70,12.70,757.90,330.12,-476.68,1110.41,554.72,-176.57,429.97,530.68,-52.34,61.34,225.64,-449.50,1121.49,128.62,-299.39,1005.27,24.07,160.39,729.30,40.00,60.54,597.49,-134.73,-160.81,472.08,-253.35,-155.62,39.56,
89,1385975696090,4,4,6,242.47,-387.73,990.38,228.09,-574.35,1235.16,225.42,-71.77,913.94,237.63,191.91,703.66,455.35,-1.09,761.88,315.95,-492.48,1122.26,546.31,-171.59,434.11,530.70,-52.33,62.02,197.10,-444.20,1129.29,117.29,-310.37,1007.73,22.13,162.52,727.71,36.12,65.99,597.88,-143.81,-147.59,473.87,-252.94,-155.88,39.70,
90,1385975696123,4,4,6,214.98,-370.65,995.71,196.64,-566.65,1243.88,217.01,-81.56,917.07,240.30,181.15,704.33,448.80,-3.12,768.49,283.85,-476.85,1133.09,552.12,-186.83,434.05,515.54,-32.56,69.16,170.42,-440.51,1135.74,97.05,-304.97,1009.93,22.77,156.13,726.94,29.89,75.08,599.60,-155.02,-129.21,477.15,-249.43,-160.80,38.60,
91,1385975696156,4,4,6,195.72,-370.71,1002.69,157.63,-538.28,1251.78,207.38,-85.30,922.93,230.37,191.72,710.33,440.07,-0.91,774.86,249.73,-454.69,1141.06,537.45,-169.19,439.19,527.97,-54.96,65.08,150.93,-446.57,1141.79,72.04,-295.66,1011.10,19.99,154.08,729.14,28.44,69.27,600.26,-149.29,-145.63,475.72,-253.31,-149.21,41.41,
92,1385975696190,4,5,6,174.36,-368.95,1008.65,137.60,-538.20,1260.17,187.06,-74.83,925.97,233.96,176.51,713.76,336.53,-403.72,970.12,222.68,-446.85,1148.52,438.98,-12.26,782.92,539.48,-176.46,440.65,528.32,-54.89,64.97,119.02,-429.76,1145.44,55.36,-296.53,1013.25,17.58,146.69,730.84,26.92,65.58,601.45,-158.42,-136.89,476.68,-251.38,-147.15,41.74,
93,1385975696223,4,5,6,159.38,-376.24,1015.29,106.11,-530.57,1266.39,173.99,-76.63,932.32,222.69,183.12,720.33,298.93,-364.60,977.36,201.49,-448.28,1156.68,429.09,-6.31,789.38,538.95,-176.24,441.06,527.97,-54.96,65.08,102.23,-442.00,1148.68,38.33,-301.21,1013.50,10.19,148.40,734.14,21.22,66.08,605.25,-159.98,-138.89,477.30,-250.82,-144.90,41.52,
94,1385975696256,4,5,6,132.13,-357.97,1019.08,71.01,-509.38,1269.90,153.48,-60.94,935.25,208.79,192.79,727.73,272.88,-346.68,984.53,184.76,-456.73,1163.73,410.95,9.66,798.40,527.77,-160.14,446.18,525.74,-51.86,67.10,67.00,-414.20,1150.01,9.35,-276.72,1014.97,0.57,154.12,737.75,1.34,92.86,610.99,-159.11,-147.91,476.73,-251.64,-142.65,42.12,
95,1385975696290,4,5,6,115.21,-360.11,1026.28,55.47,-521.05,1277.46,149.90,-78.42,942.72,196.22,201.19,733.86,251.75,-339.94,993.46,147.68,-426.15,1168.20,401.84,14.77,806.22,527.92,-160.12,450.72,527.83,-54.65,66.57,45.80,-413.65,1153.37,-0.37,-291.96,1015.54,-7.90,155.44,741.56,13.29,61.55,609.80,-171.92,-129.41,480.11,-243.75,-154.67,39.08,
96,1385975696323,4,5,6,99.06,-366.31,1033.44,30.59,-520.32,1281.96,136.88,-79.60,946.88,190.78,196.42,738.12,239.65,-351.17,1004.88,126.11,-428.21,1175.56,401.95,2.05,812.47,518.87,-140.03,454.22,517.50,-35.08,70.80,27.19,-425.38,1158.66,-28.75,-271.21,1015.21,-11.73,147.48,742.48,-0.31,77.37,613.73,-169.37,-141.36,478.53,-245.57,-147.21,40.84,
97,1385975696356,4,5,6,81.22,-369.02,1041.40,5.84,-526.15,1288.11,123.25,-77.44,951.67,184.03,193.66,743.82,219.69,-347.93,1017.61,114.76,-454.22,1185.60,388.03,11.23,817.91,517.78,-138.02,456.36,517.50,-35.08,70.80,5.33,-426.27,1162.88,-38.77,-281.91,1017.29,-17.41,142.13,743.20,-8.35,78.74,614.79,-180.95,-126.87,479.36,-242.11,-150.36,38.09,
98,1385975696390,4,5,6,62.51,-366.32,1049.10,-28.14,-507.76,1292.79,108.80,-75.44,957.91,178.88,187.77,746.73,193.69,-329.96,1029.67,71.84,-411.96,1191.86,393.65,-6.80,821.42,514.76,-129.51,458.46,515.83,-32.36,69.52,-22.78,-420.24,1169.07,-63.23,-267.40,1017.39,-30.91,149.29,747.43,-11.69,71.04,615.62,-177.17,-142.14,475.21,-239.11,-159.40,32.61,
99,1385975696423,4,5,6,41.19,-357.96,1058.14,-37.23,-541.67,1303.60,104.54,-85.77,960.66,163.98,198.58,749.50,169.55,-315.97,1041.82,48.10,-415.36,1202.73,386.74,-7.40,825.89,523.85,-140.75,455.22,529.08,-49.58,62.86,-46.57,-417.52,1175.55,-78.79,-261.46,1022.72,-37.69,146.07,748.01,-17.19,66.52,617.67,-182.18,-145.12,476.63,-239.61,-159.92,32.72,
100,1385975696456,4,5,6,17.89,-344.54,1065.96,-63.31,-541.53,1311.49,88.12,-73.77,966.84,160.66,190.16,750.92,160.91,-326.59,1053.43,24.64,-408.67,1211.72,382.64,-10.98,827.11,503.46,-112.51,457.37,531.17,-52.36,62.33,-70.58,-416.42,1182.55,-98.41,-248.16,1023.78,-52.14,155.80,746.86,-17.24,53.01,616.79,-191.96,-141.14,479.15,-239.08,-162.08,32.08,
101,1385975696490,4,5,6,-2.48,-340.94,1074.02,-107.20,-496.79,1315.44,64.57,-50.67,968.19,159.10,180.50,753.07,142.89,-328.70,1066.43,10.01,-427.05,1223.54,368.13,-4.47,833.91,510.64,-129.16,457.84,514.64,-24.53,67.46,-292.84,98.28,1083.33,141.50,-886.46,1134.96,-50.39,140.93,742.43,-27.79,65.03,617.10,-196.19,-141.71,477.65,-240.54,-161.58,31.73,
102,1385975696523,4,5,6,-24.93,-337.40,1080.91,-138.03,-475.74,1322.66,58.76,-64.31,974.02,158.55,167.89,753.37,115.80,-314.02,1077.97,-26.43,-401.69,1230.95,361.63,-6.50,837.44,515.50,-142.53,456.55,519.18,-30.08,66.35,-130.85,-247.06,1025.07,-123.89,-408.53,1196.07,-59.08,143.93,741.40,-38.50,71.11,618.58,-196.96,-150.52,477.09,-244.14,-154.04,32.39,
103,1385975696556,4,5,6,-61.83,-303.84,1085.77,-150.09,-503.82,1333.12,38.91,-53.70,976.09,159.17,157.29,756.55,87.74,-304.36,1090.09,-52.81,-397.34,1238.85,356.45,-17.00,842.35,503.33,-133.73,458.14,526.64,-40.03,63.82,-149.86,-245.40,1024.34,-155.13,-399.68,1202.67,-74.65,161.90,743.27,-30.61,45.11,618.21,-204.65,-150.37,477.93,-248.29,-146.15,33.40,
104,1385975696590,4,5,6,-57.13,-363.76,1095.72,-178.44,-499.17,1340.20,25.22,-52.47,980.00,149.13,161.39,761.66,63.64,-303.26,1101.95,-78.31,-400.85,1246.78,358.95,-40.39,847.04,499.10,-135.07,458.69,517.85,-27.83,67.06,-176.64,-225.23,1023.00,-184.08,-394.04,1206.77,-66.01,139.20,742.24,-39.77,55.32,621.25,-208.24,-148.79,477.79,-247.51,-148.29,32.29,
105,1385975696623,4,5,6,-101.42,-317.51,1101.21,-213.60,-479.66,1345.10,15.95,-59.15,984.44,137.69,167.66,768.79,44.89,-306.32,1111.24,-116.63,-372.16,1250.30,342.18,-32.39,853.07,498.72,-142.29,458.17,517.85,-27.83,67.06,-199.51,-210.57,1020.58,-203.40,-410.60,1211.39,-82.43,161.36,745.64,-48.37,58.42,624.53,-213.50,-150.33,478.36,-248.65,-146.03,32.74,
106,1385975696656,4,5,6,-121.00,-315.84,1107.53,-245.47,-467.21,1350.45,-8.01,-36.88,989.38,132.44,162.20,775.38,15.05,-291.90,1121.53,-138.81,-381.89,1257.40,343.85,-54.35,859.99,492.84,-140.25,460.14,532.81,-47.75,62.27,-221.69,-195.98,1020.46,-240.63,-380.48,1214.53,-83.46,149.96,749.48,-44.26,42.45,627.57,-221.23,-140.62,479.66,-245.10,-155.82,29.75,
107,1385975696690,4,5,6,-148.84,-297.64,1112.32,-270.62,-461.28,1356.70,-16.34,-43.98,995.12,127.91,155.32,781.41,-1.20,-299.24,1131.82,-168.03,-362.65,1262.11,325.63,-48.63,864.98,485.98,-136.43,460.51,534.66,-50.65,62.46,-237.09,-190.42,1021.78,-264.87,-379.86,1219.12,-80.91,139.42,753.55,-55.94,55.84,633.13,-220.10,-154.65,478.53,-246.96,-152.51,30.29,
108,1385975696723,4,5,6,-165.37,-296.66,1118.28,-308.53,-419.03,1359.28,-18.61,-57.98,1000.21,123.66,149.45,787.42,-25.15,-287.36,1141.30,-197.18,-344.29,1268.33,327.64,-69.38,869.16,477.16,-126.14,462.75,527.92,-41.60,66.00,-253.28,-182.90,1023.38,-292.76,-362.78,1224.15,-88.29,144.00,757.12,-56.10,43.55,635.85,-229.05,-146.16,480.79,-249.95,-147.51,30.74,
109,1385975696756,4,5,6,-186.24,-282.75,1124.37,-329.24,-418.37,1365.50,-31.81,-49.83,1004.39,128.87,128.64,792.92,-47.48,-269.05,1148.50,-221.53,-328.77,1274.72,320.86,-77.31,873.34,478.87,-135.27,461.14,520.37,-31.54,68.62,-263.56,-178.47,1023.87,-318.41,-338.32,1229.10,-87.04,134.18,759.71,-56.88,36.82,639.39,-232.98,-146.58,480.63,-251.25,-145.86,29.87,
110,1385975696790,4,5,6,-210.40,-256.80,1130.80,-361.69,-369.33,1370.95,-42.15,-42.09,1007.51,136.22,104.37,795.30,-62.36,-267.65,1155.53,-243.13,-308.45,1280.65,309.18,-77.67,874.73,472.04,-133.45,462.40,518.43,-29.46,69.37,-272.91,-172.81,1025.93,-339.40,-316.86,1233.48,-96.56,143.67,763.28,-68.61,48.74,643.92,-239.58,-146.20,480.97,-249.93,-148.50,28.11,
111,1385975696823,4,5,6,-225.31,-245.32,1135.89,-370.12,-369.60,1379.61,-55.20,-31.18,1008.47,124.07,113.30,800.60,-77.04,-257.78,1161.10,-257.68,-296.14,1284.88,303.93,-85.13,875.78,467.99,-131.99,462.63,522.41,-36.78,67.73,-287.62,-153.12,1027.65,-350.58,-314.44,1239.94,-92.87,130.38,766.69,-71.15,40.59,646.07,-243.00,-148.88,480.54,-249.93,-148.50,28.11,
112,1385975696856,4,5,6,-228.77,-258.15,1139.65,-383.66,-356.42,1386.33,-51.85,-51.51,1011.70,110.98,123.72,802.02,-99.64,-233.66,1165.63,-277.45,-271.81,1289.05,305.27,-105.24,877.26,456.42,-118.83,463.72,525.65,-42.26,66.38,-300.54,-133.43,1028.64,-370.71,-283.84,1243.64,-101.67,137.02,768.40,-68.55,26.84,647.42,-242.11,-163.23,479.39,-249.93,-148.50,28.11,
113,1385975696890,4,5,6,-235.41,-264.12,1145.62,-397.31,-342.17,1392.91,-54.49,-55.78,1014.09,108.53,117.16,807.51,-96.09,-263.89,1172.47,-290.33,-254.37,1291.83,300.27,-113.37,877.34,464.49,-137.90,462.29,531.15,-51.55,64.05,-295.84,-156.23,1030.05,-382.67,-272.11,1247.41,-92.03,109.36,769.48,-80.86,40.39,651.21,-253.33,-149.08,479.45,-249.93,-148.50,28.11,
114,1385975696923,4,5,6,-251.89,-252.97,1147.22,-407.67,-328.76,1398.80,-63.78,-49.60,1016.00,113.98,95.06,809.34,-118.08,-239.52,1174.01,-297.69,-251.45,1295.14,292.20,-119.14,878.87,458.53,-132.65,462.82,525.76,-41.84,66.54,-307.19,-142.94,1029.52,-388.13,-272.57,1250.76,-100.15,121.18,773.42,-73.48,17.80,652.51,-255.01,-155.22,477.50,-255.08,-134.40,31.43,
115,1385975696956,4,5,6,-270.87,-232.19,1149.43,-419.62,-310.58,1403.98,-70.00,-54.61,1016.41,112.21,84.73,813.86,-117.26,-264.61,1179.31,-308.53,-243.22,1296.47,285.85,-134.50,879.86,449.43,-123.47,463.89,526.80,-40.01,68.68,-319.73,-129.44,1028.08,-399.36,-260.20,1253.06,-103.95,120.44,777.57,-84.04,27.74,656.14,-265.55,-142.91,478.26,-244.98,-153.31,26.06,
116,1385975696990,4,5,6,-272.58,-250.29,1153.42,-430.30,-306.24,1409.24,-78.29,-54.05,1017.28,108.46,76.49,816.89,-132.91,-254.33,1181.04,-316.34,-243.02,1298.82,279.09,-147.66,876.05,454.23,-137.46,463.15,532.68,-47.26,66.99,-330.31,-121.82,1027.50,-412.22,-244.12,1253.95,-109.62,122.99,781.46,-90.86,26.87,658.50,-268.10,-146.69,475.62,-248.35,-138.84,28.49,
117,1385975697023,4,5,6,-289.19,-233.90,1153.04,-442.13,-294.62,1411.44,-85.67,-56.32,1017.34,102.39,70.38,817.55,-143.85,-251.31,1182.48,-329.83,-225.71,1299.50,265.27,-144.36,872.45,442.81,-128.10,464.05,534.78,-50.05,66.46,-333.81,-128.59,1029.19,-422.73,-234.73,1254.97,-104.90,99.94,783.21,-98.09,24.38,659.14,-273.67,-153.25,471.30,-245.46,-139.57,25.59,
118,1385975697056,4,5,6,-297.45,-234.89,1153.50,-466.15,-242.12,1408.91,-92.20,-60.59,1017.59,102.47,48.98,816.98,-150.73,-254.93,1183.00,-337.64,-222.36,1300.22,263.74,-159.74,870.53,442.32,-132.02,463.09,532.68,-47.26,66.99,-336.66,-130.97,1029.43,-436.31,-214.55,1255.60,-112.28,89.05,783.79,-105.90,22.23,659.80,-285.73,-145.99,471.42,-248.36,-136.47,26.26,
119,1385975697090,4,5,6,-302.70,-242.24,1155.89,-468.71,-251.68,1412.83,-97.98,-66.71,1017.45,82.14,61.14,818.89,-156.81,-262.07,1184.26,-342.29,-225.31,1302.58,255.34,-161.51,868.55,428.95,-119.91,464.93,521.59,-33.58,71.71,-342.63,-134.81,1029.90,-438.16,-221.99,1258.16,-118.03,79.85,786.12,-107.50,6.51,660.29,-290.76,-153.42,469.96,-250.48,-134.67,26.54,
120,1385975697123,4,5,6,-311.31,-240.86,1160.09,-476.11,-237.61,1414.92,-104.53,-70.98,1017.70,76.92,53.59,819.56,-166.98,-259.72,1185.17,-351.94,-214.19,1303.04,256.37,-182.19,866.60,427.15,-121.49,465.44,531.58,-52.64,69.21,-351.91,-131.24,1030.46,-441.49,-224.99,1260.77,-126.18,78.00,788.24,-109.16,-9.47,661.09,-295.72,-161.56,468.71,-251.92,-132.28,27.50,
121,1385975697156,4,5,6,-334.03,-196.73,1158.52,-479.64,-237.88,1417.02,-111.55,-73.43,1017.76,70.19,49.93,820.42,-176.21,-251.72,1186.45,-350.34,-227.01,1306.62,248.74,-189.18,864.80,421.98,-117.82,466.36,531.58,-52.64,69.21,-361.85,-122.10,1031.42,-452.30,-206.35,1260.02,-133.42,75.56,789.12,-119.93,-3.30,662.09,-296.27,-177.41,464.65,-248.77,-140.90,25.58,
122,1385975697190,4,5,6,-327.03,-226.92,1161.05,-486.42,-221.75,1419.42,-104.20,-96.87,1018.51,65.17,43.39,821.03,-179.44,-256.03,1187.13,-360.08,-207.38,1305.37,235.87,-179.01,863.22,418.48,-115.36,466.96,531.58,-52.64,69.21,-362.17,-129.59,1033.88,-455.77,-202.08,1262.39,-137.59,67.76,790.33,-128.10,-3.29,663.00,-308.43,-159.39,464.40,-248.77,-140.90,25.58,
123,1385975697223,4,5,6,-334.83,-211.60,1166.33,-484.74,-222.15,1423.75,-117.61,-79.54,1018.20,57.94,40.76,822.13,-181.83,-254.20,1189.12,-362.82,-199.82,1307.38,239.84,-196.77,861.48,410.56,-100.99,468.65,531.58,-52.64,69.21,-366.57,-129.08,1037.55,-456.64,-198.87,1265.19,-142.71,61.60,791.30,-132.29,-11.46,664.04,-313.33,-162.09,464.54,-248.87,-140.57,26.24,
124,1385975697256,4,5,6,-339.67,-201.70,1167.60,-486.31,-209.60,1427.79,-116.89,-83.16,1018.44,54.70,38.64,822.12,-183.13,-251.27,1191.28,-360.80,-203.38,1312.47,225.89,-176.77,860.78,412.55,-100.72,468.34,531.58,-52.64,69.21,-366.67,-132.46,1040.71,-458.00,-193.08,1268.63,-149.63,58.97,792.13,-134.87,-17.19,664.26,-319.23,-161.57,464.62,-248.38,-141.50,26.43,
125,1385975697290,4,5,6,-335.09,-209.57,1173.59,-485.67,-194.31,1432.13,-112.88,-94.27,1018.84,50.99,36.63,821.78,-180.89,-253.32,1193.61,-357.27,-202.62,1316.48,227.00,-183.82,859.37,412.55,-100.72,468.34,517.05,-27.49,73.79,-362.85,-140.76,1044.93,-455.91,-192.51,1273.82,-161.06,76.90,793.14,-140.07,-13.73,665.00,-321.31,-162.06,464.33,-248.85,-140.57,26.80,
126,1385975697323,4,5,6,-327.23,-223.68,1175.55,-477.36,-198.55,1438.34,-115.69,-87.35,1018.97,48.09,37.29,822.56,-181.66,-242.85,1194.47,-354.66,-198.05,1320.09,222.32,-179.07,857.43,411.24,-98.34,468.77,520.53,-32.17,71.86,-367.95,-124.85,1048.19,-452.72,-188.76,1280.08,-154.57,56.47,793.69,-139.85,-20.49,664.82,-323.93,-161.06,464.54,-248.85,-140.57,26.80,
127,1385975697356,4,5,6,-333.78,-194.41,1180.83,-477.09,-175.03,1441.50,-116.24,-85.23,1018.77,47.25,36.62,824.83,-178.21,-240.63,1196.69,-352.13,-186.78,1324.20,223.71,-185.94,856.38,420.57,-110.51,467.63,534.31,-50.02,66.15,-365.46,-124.29,1053.69,-446.73,-188.90,1286.42,-156.88,56.80,795.29,-145.28,-14.58,666.03,-319.43,-176.37,463.08,-247.74,-142.75,26.31,
128,1385975697391,4,5,6,-321.99,-218.20,1183.30,-465.28,-183.95,1449.32,-115.86,-85.62,1019.16,46.40,35.67,825.83,-171.39,-247.50,1198.15,-344.99,-189.77,1329.28,225.00,-188.63,855.52,407.56,-86.96,470.44,534.31,-50.02,66.15,-361.83,-127.91,1056.94,-442.72,-187.45,1292.79,-158.22,58.74,796.68,-142.00,-22.34,667.07,-319.87,-175.06,463.38,-246.06,-145.32,26.47,
129,1385975697423,4,5,6,-318.79,-214.87,1189.98,-452.98,-189.94,1457.59,-120.41,-74.46,1018.98,52.12,23.44,825.38,-167.85,-242.59,1198.81,-337.81,-187.29,1333.58,229.68,-200.01,853.94,408.00,-87.02,470.74,534.31,-50.02,66.15,-358.52,-132.10,1061.29,-434.50,-190.79,1299.13,-159.56,60.68,798.82,-143.81,-18.62,667.83,-322.88,-166.30,464.46,-245.69,-146.31,26.37,
130,1385975697456,4,5,6,-319.23,-205.81,1189.98,-446.88,-183.27,1462.59,-118.56,-77.82,1018.85,50.56,25.50,826.06,-162.58,-247.58,1200.05,-321.21,-212.20,1340.69,213.39,-175.04,854.45,406.70,-84.65,471.18,532.75,-46.68,66.21,-356.79,-133.27,1065.16,-423.85,-201.30,1306.09,-162.43,65.45,800.00,-144.12,-17.80,668.43,-321.66,-168.28,464.51,-247.22,-141.93,27.99,
131,1385975697490,4,5,6,-304.67,-234.05,1195.19,-423.19,-220.49,1473.08,-118.56,-77.82,1018.85,47.52,28.44,827.48,-160.15,-243.51,1201.03,-316.07,-213.47,1343.96,218.57,-185.74,853.65,415.79,-96.53,468.72,520.12,-24.75,70.73,-352.86,-138.46,1069.03,-420.05,-199.40,1311.70,-162.60,66.73,800.41,-145.41,-14.86,669.18,-322.40,-166.14,464.81,-247.69,-140.62,28.43,
132,1385975697523,4,5,6,-313.24,-204.54,1196.76,-418.86,-217.94,1476.98,-117.53,-79.70,1018.78,47.25,28.05,827.98,-154.00,-248.59,1201.31,-317.20,-198.33,1344.50,219.91,-188.42,854.44,422.54,-105.52,467.46,532.32,-41.24,66.74,-350.70,-139.63,1070.59,-416.12,-198.13,1315.24,-162.59,66.74,800.86,-146.19,-12.95,669.36,-321.54,-167.94,464.44,-247.69,-140.62,28.43,
133,1385975697556,4,5,6,-307.54,-211.60,1198.41,-414.99,-215.67,1479.60,-114.87,-84.01,1018.61,47.62,27.26,828.11,-148.61,-251.59,1201.82,-313.06,-197.77,1347.25,228.59,-210.05,853.33,417.65,-99.16,468.48,530.21,-37.72,66.89,-350.73,-133.87,1073.88,-412.00,-200.25,1318.69,-155.10,53.41,799.93,-146.19,-12.95,669.36,-322.21,-165.98,464.58,-248.64,-138.72,29.01,
134,1385975697591,4,4,6,-297.62,-231.16,1200.42,-409.74,-219.79,1480.53,-104.39,-102.97,1019.50,47.62,27.26,828.11,-146.34,-252.00,1201.68,-305.84,-209.09,1349.09,415.79,-96.53,468.72,530.21,-37.72,66.89,-347.34,-140.29,1076.84,-402.00,-220.11,1323.27,-154.52,52.04,800.47,-147.04,-10.85,670.26,-322.21,-165.98,464.58,-244.75,-148.67,26.34,
135,1385975697623,4,4,6,-295.98,-233.48,1201.25,-398.10,-242.88,1485.71,-103.56,-105.01,1019.44,46.18,30.12,828.42,-141.72,-258.53,1202.30,-301.83,-214.59,1352.39,415.79,-96.53,468.72,537.72,-47.72,64.09,-347.26,-141.10,1077.51,-404.03,-212.12,1323.58,-155.09,53.41,800.38,-146.78,-10.77,670.19,-320.84,-167.25,464.45,-245.11,-147.70,26.44,
136,1385975697656,4,5,6,-296.81,-231.06,1201.00,-396.09,-246.24,1486.89,-103.56,-105.01,1019.44,45.17,32.31,828.97,-141.72,-258.53,1202.30,-299.15,-217.49,1353.54,228.19,-205.52,853.17,417.49,-96.40,468.47,539.81,-50.51,63.48,-346.49,-142.73,1077.70,-403.25,-213.15,1324.04,-155.30,54.85,801.21,-144.81,-12.23,670.84,-322.38,-161.23,464.83,-245.88,-145.83,25.92,
137,1385975697690,4,5,6,-296.81,-231.06,1201.00,-395.54,-248.06,1486.30,-111.51,-91.12,1018.26,45.95,30.69,829.67,-143.51,-252.72,1201.11,-295.55,-227.93,1354.79,230.21,-208.73,852.90,409.62,-82.17,470.20,539.81,-49.23,63.56,-347.26,-141.10,1077.51,-399.51,-224.86,1325.85,-155.97,55.63,801.49,-138.97,-22.41,670.35,-321.16,-163.23,464.61,-246.06,-145.32,26.47,
138,1385975697723,4,5,6,-295.26,-234.99,1201.23,-392.58,-257.51,1486.72,-114.51,-85.21,1017.72,45.95,30.69,829.67,-145.67,-247.64,1199.33,-300.26,-218.11,1353.56,230.21,-208.73,852.90,416.49,-91.38,469.06,539.81,-49.23,63.56,-345.74,-146.35,1077.61,-398.86,-226.96,1325.75,-155.97,55.63,801.49,-138.47,-23.65,670.13,-322.08,-161.31,464.98,-246.06,-145.32,26.47,
139,1385975697756,4,5,6,-298.24,-228.80,1199.91,-396.27,-249.87,1485.60,-113.85,-86.90,1017.04,45.95,30.69,829.67,-144.20,-251.54,1199.00,-298.66,-223.84,1352.93,228.19,-205.52,853.17,416.05,-90.20,469.91,531.98,-35.72,66.73,-345.22,-147.90,1077.57,-400.15,-225.35,1324.98,-153.76,51.05,800.40,-138.39,-23.66,669.60,-321.59,-161.99,464.62,-246.06,-145.32,26.47,
140,1385975697791,4,5,6,-297.45,-231.11,1199.96,-400.89,-247.88,1484.79,-113.99,-87.64,1016.33,42.98,35.45,829.19,-145.32,-249.38,1198.65,-299.70,-226.12,1352.88,236.59,-222.77,852.93,422.05,-96.01,469.32,528.37,-29.02,67.53,-344.97,-152.40,1077.28,-405.15,-219.67,1324.38,-155.84,54.40,800.67,-138.16,-24.31,668.33,-321.59,-161.99,464.62,-246.06,-145.32,26.47,
141,1385975697823,4,5,6,-298.49,-228.95,1199.66,-405.81,-242.60,1484.16,-113.07,-89.99,1015.38,43.23,34.87,828.55,-141.82,-258.54,1199.27,-307.15,-214.81,1351.08,234.56,-219.54,853.20,427.37,-105.59,468.11,528.37,-29.02,67.53,-344.97,-153.05,1075.70,-407.48,-222.07,1323.45,-155.72,54.89,799.84,-137.02,-25.93,667.46,-321.16,-163.23,464.61,-246.06,-145.32,26.47,
142,1385975697856,4,4,6,-303.55,-218.86,1198.03,-404.15,-250.78,1484.75,-113.07,-89.99,1015.38,46.18,30.12,828.42,-139.43,-265.57,1199.74,-309.62,-210.44,1349.92,421.16,-97.93,469.36,528.37,-29.02,67.53,-344.58,-153.74,1074.60,-406.06,-229.98,1324.28,-155.72,54.89,799.84,-138.13,-23.93,667.46,-321.16,-163.23,464.61,-246.06,-145.32,26.47,
143,1385975697890,4,4,6,-302.29,-224.27,1197.36,-403.49,-260.42,1484.04,-113.07,-89.99,1015.38,45.17,32.31,828.97,-143.13,-259.79,1199.12,-308.37,-220.41,1350.15,417.37,-92.58,469.78,527.16,-27.31,68.84,-348.70,-145.31,1073.34,-407.78,-226.15,1323.64,-155.09,53.41,800.38,-138.13,-23.93,667.46,-321.16,-163.23,464.61,-248.59,-138.41,28.15,
144,1385975697923,4,4,6,-304.40,-221.00,1196.65,-411.67,-243.11,1480.62,-112.83,-91.00,1016.15,45.17,32.31,828.97,-143.14,-262.40,1199.40,-312.08,-213.42,1349.14,417.37,-92.58,469.78,525.34,-24.89,69.57,-347.82,-147.16,1073.28,-413.73,-216.92,1322.23,-153.23,50.71,800.53,-137.86,-23.88,667.51,-322.23,-160.14,464.71,-248.59,-138.41,28.15,
145,1385975697956,4,4,6,-307.82,-214.14,1195.80,-415.34,-237.97,1479.82,-112.83,-91.00,1016.15,45.95,30.69,829.67,-144.10,-262.95,1199.42,-307.87,-226.81,1350.85,414.52,-88.21,470.65,527.16,-27.31,68.84,-348.19,-146.50,1072.40,-417.80,-209.62,1320.95,-149.37,44.44,800.17,-141.62,-14.68,668.21,-321.31,-162.06,464.33,-248.56,-138.53,27.67,
146,1385975697990,4,4,6,-309.32,-211.26,1195.17,-411.01,-255.65,1481.61,-112.83,-91.00,1016.15,47.56,28.09,829.48,-145.25,-260.78,1198.42,-315.22,-214.68,1350.55,416.54,-91.06,470.13,527.16,-27.31,68.84,-348.98,-144.63,1071.64,-419.20,-210.86,1319.83,-149.50,44.82,800.67,-144.70,-7.14,668.84,-320.72,-162.39,464.70,-248.56,-138.53,27.67,
147,1385975698023,4,4,6,-305.25,-223.15,1195.96,-414.14,-251.94,1480.94,-114.31,-88.11,1015.44,48.72,26.21,829.30,-145.25,-260.78,1198.42,-316.34,-213.79,1349.87,416.54,-91.06,470.13,527.16,-27.31,68.84,-349.84,-142.87,1070.75,-415.06,-224.27,1320.75,-153.48,54.44,800.99,-146.94,-2.08,669.42,-321.18,-161.03,464.99,-248.56,-138.53,27.67,
148,1385975698056,4,4,6,-306.48,-220.47,1195.04,-411.85,-263.39,1482.81,-115.74,-84.64,1014.72,51.87,22.55,828.96,-145.25,-260.78,1198.42,-316.99,-212.97,1349.09,416.54,-91.06,470.13,527.32,-27.61,68.09,-348.90,-144.98,1070.57,-413.51,-232.11,1321.31,-153.48,54.44,800.99,-146.94,-2.08,669.42,-321.18,-161.03,464.99,-244.85,-145.88,25.78,
149,1385975698090,4,5,6,-312.08,-208.68,1193.02,-413.35,-260.01,1482.27,-115.74,-84.64,1014.72,48.83,29.86,828.98,-145.25,-260.78,1198.42,-324.06,-198.08,1347.29,218.09,-194.12,854.31,416.54,-91.06,470.13,527.32,-27.61,68.09,-351.95,-138.75,1069.65,-413.16,-233.36,1320.86,-152.51,52.04,800.25,-141.87,-11.19,668.79,-321.89,-158.98,465.13,-244.85,-145.88,25.78,
150,1385975698123,4,5,6,-305.52,-228.36,1194.11,-412.64,-261.71,1481.36,-115.74,-84.64,1014.72,48.83,29.86,828.98,-148.69,-256.39,1197.02,-318.36,-213.87,1348.88,218.09,-194.12,854.31,416.54,-91.06,470.13,533.78,-36.18,66.06,-350.71,-142.43,1069.62,-417.35,-225.14,1319.27,-152.95,53.13,800.80,-141.45,-11.33,669.33,-321.89,-158.98,465.13,-244.85,-145.88,25.78,
151,1385975698156,4,5,6,-306.52,-226.29,1193.46,-423.72,-238.20,1476.48,-115.74,-84.64,1014.72,48.83,29.86,828.98,-150.98,-251.97,1196.21,-321.27,-211.31,1347.77,218.09,-194.12,854.31,418.43,-93.73,469.92,533.78,-36.18,66.06,-350.09,-144.28,1069.62,-423.42,-211.32,1317.33,-153.48,54.44,800.99,-141.03,-11.58,669.11,-321.89,-158.98,465.13,-244.85,-145.88,25.78,
152,1385975698190,4,5,6,-307.60,-224.06,1192.65,-424.37,-236.92,1475.18,-115.74,-84.64,1014.72,54.76,20.90,828.68,-150.21,-253.49,1196.16,-320.38,-213.94,1348.16,226.03,-206.73,854.24,420.32,-96.41,469.71,538.97,-42.50,64.32,-350.09,-144.28,1069.62,-423.43,-211.32,1317.06,-153.48,54.44,800.99,-141.80,-9.69,669.34,-320.55,-161.26,465.00,-244.85,-145.88,25.78,
153,1385975698223,4,5,6,-307.60,-224.06,1192.65,-419.49,-252.69,1477.26,-115.74,-84.64,1014.72,52.78,25.14,829.03,-150.21,-253.49,1196.16,-320.38,-213.94,1348.16,218.15,-189.57,853.80,420.32,-96.41,469.71,538.97,-42.50,64.32,-350.61,-143.60,1069.39,-421.23,-219.47,1317.17,-154.33,56.50,801.19,-140.99,-11.11,669.82,-320.55,-161.26,465.00,-244.88,-145.76,26.26,
154,1385975698256,4,5,6,-304.05,-234.47,1193.20,-416.35,-262.86,1478.50,-115.74,-84.64,1014.72,48.43,34.43,829.13,-150.21,-253.49,1196.16,-320.38,-213.94,1348.16,220.26,-192.92,853.56,420.32,-96.41,469.71,538.97,-42.50,64.32,-350.61,-143.60,1069.39,-420.28,-223.55,1317.49,-155.00,57.72,801.75,-140.98,-11.06,670.54,-320.55,-161.26,465.00,-244.85,-145.88,25.78,
155,1385975698290,4,5,6,-307.60,-224.06,1192.65,-418.74,-257.43,1477.65,-114.31,-88.11,1015.44,47.00,36.74,829.36,-150.98,-251.97,1196.21,-320.38,-213.94,1348.16,212.03,-175.94,854.83,420.87,-96.63,469.36,538.97,-42.50,64.32,-351.07,-142.22,1069.45,-420.50,-223.78,1316.94,-154.31,56.50,801.85,-140.98,-11.06,670.54,-319.36,-161.17,464.77,-244.88,-145.76,26.26,
156,1385975698323,4,5,6,-307.60,-224.06,1192.65,-420.90,-252.57,1476.26,-113.22,-90.04,1015.97,47.00,36.74,829.36,-145.09,-263.39,1197.12,-319.90,-216.47,1348.26,219.91,-188.42,854.44,426.38,-103.80,468.50,538.97,-42.50,64.32,-350.09,-144.28,1069.62,-423.34,-217.89,1316.42,-158.43,66.47,802.36,-140.98,-11.06,670.54,-318.40,-163.15,464.62,-244.44,-146.94,26.12,
157,1385975698356,4,5,6,-308.13,-221.59,1192.91,-426.01,-240.99,1474.22,-114.15,-87.77,1016.00,48.46,34.43,830.08,-145.25,-260.78,1198.42,-320.01,-214.95,1348.95,218.25,-185.03,854.28,421.00,-94.10,469.71,538.97,-42.50,64.32,-348.14,-147.29,1069.91,-422.63,-219.45,1317.14,-157.44,65.59,803.21,-140.66,-11.31,670.78,-317.64,-161.79,464.67,-244.88,-145.76,26.26,
158,1385975698390,4,5,6,-307.89,-217.04,1193.75,-418.74,-257.43,1477.65,-115.47,-83.95,1016.97,48.48,34.43,830.71,-145.25,-260.78,1198.42,-320.01,-214.95,1348.95,218.25,-185.03,854.28,421.00,-94.10,469.71,538.97,-42.50,64.32,-346.51,-149.36,1070.16,-424.09,-214.70,1317.32,-158.89,70.39,804.43,-140.24,-12.02,671.42,-313.43,-169.61,463.86,-244.85,-145.88,25.78,
