0,1385975693062,4,6,5,296.07,-193.62,1630.17,215.28,-42.80,1326.39,215.52,21.96,1029.30,201.96,41.20,830.50,291.38,-115.70,1508.10,316.98,-7.68,1231.51,438.01,-90.35,803.28,375.16,-63.07,689.69,501.76,-52.87,386.60,497.09,-133.29,-16.41,190.98,-111.78,1525.97,63.08,-12.85,1224.19,-41.43,-23.79,806.77,6.63,-52.90,699.84,-122.71,-57.07,449.69,
1,1385975693096,4,6,5,294.19,-196.96,1629.77,216.63,-41.96,1326.65,209.78,15.81,1028.54,201.96,41.20,830.50,290.04,-119.49,1508.24,316.98,-7.68,1231.51,436.25,-90.35,802.60,376.87,-60.60,690.14,501.76,-52.87,386.60,497.09,-133.29,-16.41,183.91,-122.24,1525.55,63.08,-12.85,1224.19,-41.43,-23.79,806.77,6.63,-52.90,699.84,-119.64,-53.38,450.67,
2,1385975693128,4,6,5,287.44,-207.89,1629.33,218.54,-39.71,1327.05,209.31,15.47,1028.73,203.34,43.02,830.75,284.38,-128.23,1507.97,311.00,-16.05,1230.66,436.25,-90.35,802.60,376.87,-60.60,690.14,501.76,-52.87,386.60,497.09,-133.29,-16.41,183.99,-122.14,1524.86,64.55,-14.93,1224.91,-41.43,-23.79,806.77,6.63,-52.90,699.84,-119.64,-53.38,450.67,
3,1385975693161,4,6,5,278.63,-221.35,1628.89,226.66,-30.83,1327.59,214.82,21.33,1030.57,213.50,56.41,833.60,301.33,-108.75,1508.23,312.33,-14.71,1231.56,438.22,-87.38,803.31,376.87,-60.60,690.14,501.76,-52.87,386.60,497.09,-133.29,-16.41,168.29,-143.68,1523.74,63.37,-16.43,1226.42,-41.43,-23.79,806.77,6.63,-52.90,699.84,-119.64,-53.38,450.67,
4,1385975693195,4,6,5,281.61,-220.71,1628.52,223.35,-35.34,1328.23,214.54,20.72,1031.01,213.50,56.41,833.60,306.40,-103.37,1507.97,318.50,-8.67,1232.55,433.90,-92.20,800.99,376.87,-60.60,690.14,495.70,-59.67,383.88,497.09,-133.29,-16.41,157.98,-157.83,1523.72,61.21,-19.18,1226.26,-31.46,-11.57,809.40,6.63,-52.90,699.84,-119.64,-53.38,450.67,
5,1385975693228,4,6,5,285.72,-219.92,1627.93,223.25,-35.64,1328.49,216.52,22.84,1031.96,215.88,59.54,833.85,283.74,-135.80,1507.60,323.31,-6.40,1233.92,435.53,-89.74,801.66,373.57,-64.43,688.73,493.88,-62.45,383.09,497.09,-133.29,-16.41,175.29,-141.30,1524.76,64.57,-14.90,1227.00,-31.46,-11.57,809.40,3.68,-55.89,698.14,-119.64,-53.38,450.67,
6,1385975693261,4,6,4,291.60,-215.98,1627.10,219.21,-43.12,1328.55,213.72,18.98,1031.76,214.12,57.53,833.40,291.15,-128.23,1507.88,68.80,-294.34,1366.78,435.27,-90.06,803.82,375.69,-61.97,689.57,494.63,-63.79,383.19,497.87,-132.07,-15.66,55.79,-26.06,1226.75,-433.82,-505.04,641.48,557.66,639.84,615.86,-119.64,-53.38,450.67,
7,1385975693295,4,6,5,286.34,-228.36,1626.46,208.06,-61.08,1327.87,214.82,19.86,1032.58,201.50,46.16,830.42,288.14,-134.93,1507.89,323.10,-7.28,1234.35,434.08,-91.79,805.31,375.69,-61.97,689.57,493.67,-65.95,382.73,497.87,-132.07,-15.66,166.63,-160.49,1523.61,60.75,-24.37,1229.47,-25.87,-3.98,811.15,3.68,-55.89,698.14,-132.56,-66.09,446.48,
8,1385975693329,4,6,4,287.24,-234.31,1625.86,223.33,-47.79,1329.18,220.95,26.42,1034.17,202.08,48.82,830.40,294.22,-134.26,1505.00,312.87,-21.62,1232.85,438.77,-85.97,809.19,375.69,-61.97,689.57,496.89,-64.86,383.98,491.56,-141.94,-19.90,68.45,-24.13,1233.62,-20.27,3.63,812.54,3.68,-55.89,698.14,-132.56,-66.09,446.48,
9,1385975693362,4,6,5,283.03,-252.44,1624.14,201.48,-84.33,1326.94,218.49,23.15,1034.43,196.27,46.79,828.74,283.96,-157.63,1504.11,317.32,-21.91,1233.41,443.82,-73.29,811.33,373.90,-63.98,688.07,488.16,-82.80,379.61,491.56,-141.94,-19.90,168.88,-176.21,1521.60,54.94,-45.29,1234.51,-30.10,-5.67,810.68,4.51,-51.26,699.83,-122.38,-56.68,450.59,
10,1385975693395,4,5,4,289.48,-265.63,1620.85,210.47,-86.06,1326.34,214.71,18.90,1036.09,207.09,66.80,828.47,294.44,-159.69,1503.46,319.46,-26.65,1232.60,370.60,-61.38,685.58,489.45,-91.63,380.90,491.25,-142.42,-19.77,202.53,-155.38,1518.70,42.55,-71.49,1235.85,318.08,343.64,843.57,-117.86,-54.38,453.96,
11,1385975693428,4,6,4,302.95,-276.34,1614.84,227.53,-83.18,1324.43,213.38,14.72,1036.35,204.45,71.78,823.86,296.80,-178.70,1498.45,313.75,-44.88,1230.87,445.84,-51.20,804.81,379.65,-44.66,684.09,496.35,-92.64,381.97,489.62,-144.95,-20.31,201.90,-181.24,1515.52,56.82,-71.08,1239.38,23.81,-22.77,706.39,-128.81,-65.17,450.88,
12,1385975693461,4,6,5,301.62,-315.95,1607.22,223.94,-109.74,1320.80,217.23,14.82,1037.45,194.93,67.79,816.19,309.50,-193.98,1492.44,326.12,-41.86,1227.54,441.98,-44.25,796.26,390.58,-25.26,682.42,500.96,-93.30,382.56,495.65,-135.47,-15.50,196.57,-217.92,1509.90,47.79,-103.17,1238.66,-40.30,-8.41,805.25,10.09,-33.58,702.22,-92.10,-26.90,465.33,
13,1385975693495,4,6,5,326.04,-328.32,1595.30,240.98,-119.86,1314.59,216.56,8.63,1036.86,198.67,77.98,814.10,320.04,-214.24,1484.24,333.73,-50.88,1222.52,443.26,-35.78,792.12,386.25,-24.28,677.19,505.88,-90.93,383.78,497.70,-132.28,-14.24,195.40,-257.99,1501.32,52.06,-123.51,1238.39,-21.08,15.79,809.56,13.47,-26.99,702.86,-113.30,-53.65,457.65,
14,1385975693529,4,6,5,347.41,-345.43,1583.60,247.06,-147.14,1307.59,218.20,0.78,1036.92,207.69,90.54,810.87,337.28,-236.92,1472.75,340.97,-67.99,1215.58,440.67,-37.80,785.81,368.25,-44.01,665.82,504.45,-99.59,381.27,495.52,-135.00,-16.34,217.51,-275.37,1491.40,75.42,-130.94,1239.45,-36.21,1.35,803.79,364.25,408.68,712.07,69.21,167.48,332.20,
15,1385975693561,4,6,4,375.82,-357.74,1567.83,263.09,-166.96,1298.32,225.00,-2.53,1036.77,199.95,84.62,806.11,365.91,-247.13,1458.01,354.23,-81.68,1207.09,456.30,-13.45,786.00,385.76,-17.88,668.02,505.87,-104.67,377.69,490.79,-142.40,-19.84,265.94,-259.69,1477.13,89.33,-145.93,1238.35,-23.23,14.32,803.38,339.96,382.41,703.15,
16,1385975693595,4,6,5,412.14,-364.02,1549.43,289.98,-176.21,1287.75,234.06,-5.63,1035.17,201.46,91.31,802.71,383.76,-274.07,1440.45,371.88,-93.30,1196.63,456.72,-7.49,782.22,392.93,-3.98,666.52,509.28,-103.24,377.32,489.26,-144.81,-21.08,274.20,-301.76,1461.20,126.04,-142.23,1238.92,-23.06,14.53,801.94,-106.20,-59.39,458.82,-120.62,-11.28,52.18,
17,1385975693628,4,6,5,431.50,-400.88,1526.66,316.30,-188.24,1273.15,238.87,-14.17,1032.77,206.66,101.57,801.91,411.74,-293.07,1418.98,385.77,-113.52,1180.48,456.12,-1.81,778.94,384.71,-12.29,658.45,513.31,-101.04,375.71,490.65,-143.38,-20.72,318.21,-298.06,1442.17,138.29,-167.47,1232.85,-18.09,19.45,803.87,-132.42,-91.15,447.48,-120.62,-11.28,52.18,
18,1385975693661,4,6,5,455.09,-425.18,1501.66,340.19,-205.55,1256.57,253.24,-13.74,1032.19,208.88,105.66,797.63,444.30,-304.59,1395.98,408.41,-120.86,1163.92,461.65,10.55,775.42,403.60,14.81,660.96,512.13,-103.61,373.34,491.00,-142.86,-21.31,364.34,-291.35,1421.26,168.81,-173.25,1229.90,-3.63,36.38,805.45,-102.49,-62.07,458.10,-120.76,-11.45,53.31,
19,1385975693695,4,6,5,518.60,-394.03,1475.12,360.95,-224.43,1237.65,273.75,-7.28,1029.33,214.79,112.46,796.45,479.25,-310.50,1370.39,437.84,-123.78,1144.85,456.44,5.66,768.35,392.31,2.08,652.77,517.87,-102.52,373.33,503.03,-127.88,-15.23,356.57,-352.23,1399.23,162.11,-224.76,1218.38,8.22,47.59,807.07,-118.87,-87.97,451.93,-120.89,-11.62,54.45,
20,1385975693728,4,6,5,534.77,-429.56,1445.73,392.98,-229.19,1215.59,264.08,-38.27,1020.89,221.74,121.85,791.17,527.45,-295.47,1344.65,463.45,-128.18,1123.27,468.84,19.06,766.67,405.34,17.07,652.41,522.55,-103.09,372.41,502.88,-128.71,-16.24,403.98,-342.01,1373.40,209.83,-209.82,1210.11,-2.48,34.51,804.24,-122.69,-95.03,451.61,-150.67,-47.01,41.48,
21,1385975693761,4,6,5,561.83,-443.90,1415.85,419.56,-237.13,1194.57,295.40,-20.62,1018.68,226.22,127.82,784.98,550.64,-311.89,1316.29,484.43,-138.31,1100.15,468.39,16.85,757.35,409.45,22.79,645.74,522.35,-111.28,370.19,503.03,-127.88,-15.23,442.12,-339.80,1347.91,226.27,-229.75,1199.71,-2.43,34.57,803.79,-83.90,-59.73,469.47,-134.30,-27.57,53.29,
22,1385975693795,4,6,5,598.59,-442.21,1385.47,451.90,-235.36,1173.19,303.97,-30.97,1010.98,225.09,126.33,780.98,572.82,-325.59,1287.21,502.57,-149.63,1076.11,478.60,31.12,749.75,408.02,20.55,638.65,527.22,-110.89,369.85,493.12,-140.22,-20.25,464.61,-351.99,1323.37,247.19,-241.75,1188.22,20.73,60.01,809.82,-129.71,-117.57,461.13,-132.16,-25.06,61.90,
23,1385975693828,4,6,5,633.45,-433.52,1357.14,473.83,-240.12,1151.55,324.86,-23.74,1005.91,223.71,124.25,774.78,607.43,-316.54,1259.02,527.25,-148.13,1055.33,482.05,36.58,745.77,407.43,19.62,635.01,526.21,-113.26,366.05,493.12,-140.22,-20.25,497.86,-346.05,1297.73,298.22,-212.74,1179.19,10.88,45.21,808.37,-106.87,-102.93,476.98,-140.00,-30.81,68.47,
24,1385975693861,4,6,5,650.50,-447.17,1326.47,497.15,-239.15,1130.42,335.81,-24.02,999.70,227.26,128.39,773.41,626.82,-321.76,1231.75,548.73,-141.97,1035.54,479.21,32.29,741.84,406.33,17.93,630.77,531.22,-113.20,368.21,500.19,-129.18,-16.38,528.73,-334.68,1273.54,310.20,-227.05,1167.85,22.57,59.37,810.22,-88.39,-80.10,488.14,-191.57,-81.11,53.61,
25,1385975693895,4,6,4,671.26,-446.70,1298.67,518.24,-234.58,1110.09,349.58,-18.70,995.96,232.06,134.55,769.30,635.49,-337.84,1202.98,559.95,-143.38,1016.97,474.40,21.35,734.48,412.47,26.71,629.96,532.66,-118.19,366.45,511.78,-114.77,-10.25,546.67,-338.47,1248.15,316.73,-247.92,1153.27,24.92,61.71,810.55,-112.04,-95.33,479.43,
26,1385975693928,4,6,5,684.89,-451.03,1272.92,529.80,-237.02,1090.85,358.58,-17.70,989.73,241.90,147.30,771.53,654.93,-330.08,1177.57,560.83,-155.94,996.84,490.83,45.58,735.98,398.84,13.03,622.30,530.89,-121.01,365.36,510.46,-116.41,-11.22,549.34,-356.45,1225.22,327.70,-256.57,1141.08,32.13,68.32,812.38,-123.00,-95.85,471.35,-187.23,-86.94,64.07,
27,1385975693961,4,6,4,706.12,-436.03,1248.46,543.66,-230.27,1073.69,351.72,-34.79,981.22,246.24,156.85,769.21,660.53,-336.28,1153.34,569.60,-154.33,979.61,483.01,38.78,729.86,407.87,26.56,621.84,528.69,-125.94,364.63,511.78,-114.77,-10.25,560.56,-356.47,1201.93,336.88,-266.08,1124.80,-109.62,-76.73,474.45,-200.67,-106.58,56.39,
28,1385975693995,4,6,5,712.38,-437.45,1225.18,533.80,-252.90,1053.05,350.18,-39.50,972.91,221.03,132.95,758.95,667.50,-333.68,1129.77,568.12,-164.35,960.84,479.06,38.83,725.42,404.42,29.43,619.38,535.82,-121.60,369.94,492.33,-140.77,-20.21,569.59,-353.06,1179.84,339.36,-274.21,1114.51,2.82,43.83,800.80,-101.50,-67.30,476.82,-185.22,-88.21,62.93,
29,1385975694028,4,6,4,706.72,-450.17,1204.15,544.39,-242.98,1037.20,358.31,-31.20,967.50,231.77,153.60,761.50,668.93,-334.57,1108.70,574.76,-154.24,947.54,475.18,39.68,721.55,404.12,36.18,617.27,546.20,-101.17,376.82,497.87,-132.07,-15.66,567.85,-360.68,1160.25,352.53,-265.98,1102.37,28.68,77.69,806.12,-129.47,-91.92,466.98,
30,1385975694061,4,6,5,706.88,-450.51,1185.65,534.10,-261.38,1018.69,358.64,-30.83,962.18,221.63,148.99,757.69,664.24,-342.13,1087.89,567.81,-160.71,931.90,472.46,43.47,719.22,397.47,36.82,614.40,534.10,-112.96,374.93,497.05,-132.61,-15.63,573.28,-353.58,1142.45,364.78,-258.86,1092.05,-0.91,53.44,799.70,215.79,259.76,657.05,-187.84,-83.98,53.65,
31,1385975694095,4,6,5,699.98,-458.30,1166.89,528.51,-271.74,1004.20,349.87,-46.07,955.92,220.11,154.08,758.52,667.12,-337.62,1070.23,552.84,-181.03,915.29,466.61,43.38,717.91,391.63,39.42,613.98,527.16,-114.85,375.29,505.33,-119.65,-9.60,570.85,-357.20,1125.18,339.33,-298.19,1077.42,231.34,292.18,801.98,-153.10,-102.88,455.02,-187.84,-83.98,53.65,
32,1385975694128,4,6,5,693.70,-467.33,1149.79,520.95,-283.33,990.23,343.49,-57.01,950.69,205.75,141.33,756.73,651.15,-359.26,1050.91,553.83,-179.83,907.08,450.31,24.89,712.93,386.79,40.40,614.68,524.94,-110.83,378.58,506.23,-118.20,-8.35,559.19,-373.44,1106.92,346.02,-296.88,1068.38,12.32,85.39,813.16,-154.01,-104.00,462.60,-205.04,-100.71,45.88,
33,1385975694161,4,6,5,695.17,-462.74,1136.60,514.52,-288.41,979.14,339.12,-64.33,946.59,206.47,150.36,759.44,648.60,-363.66,1035.54,551.48,-182.92,898.68,436.83,11.87,711.73,374.28,32.73,612.02,521.85,-108.46,380.61,506.23,-118.20,-8.35,545.64,-392.64,1091.59,369.40,-268.57,1064.11,-27.46,47.44,806.69,-135.71,-79.95,468.13,-205.04,-100.71,45.88,
34,1385975694195,4,6,4,691.10,-463.55,1124.12,508.80,-296.41,969.93,341.68,-61.78,944.58,196.67,142.85,757.74,645.32,-362.98,1023.04,541.38,-195.51,891.83,451.56,35.29,717.69,381.89,47.92,616.91,517.75,-106.23,382.52,506.23,-118.20,-8.35,546.32,-387.08,1078.53,-20.25,58.81,811.50,-145.77,-85.62,463.05,-205.04,-100.71,45.88,
35,1385975694228,4,6,5,681.49,-472.75,1112.26,508.62,-292.00,964.03,346.85,-55.82,943.67,210.25,161.04,762.75,637.09,-373.12,1009.13,532.40,-207.62,884.23,439.73,24.71,715.42,372.49,42.78,614.23,504.20,-118.85,377.75,506.23,-118.20,-8.35,548.31,-378.24,1070.13,319.82,-342.14,1035.87,-9.37,78.01,817.55,-150.77,-91.64,462.38,-205.04,-100.71,45.88,
36,1385975694261,4,7,4,672.38,-480.57,1102.35,505.98,-294.16,956.19,343.74,-60.53,940.80,204.33,159.32,762.02,636.00,-371.12,999.06,527.18,-218.32,879.37,437.64,22.29,715.26,352.11,20.35,607.24,-175.25,-121.12,458.05,503.80,-116.21,379.62,506.23,-118.20,-8.35,529.59,-400.03,1056.04,328.53,-329.06,1029.11,-17.67,70.28,815.47,-205.04,-100.71,45.88,
37,1385975694295,4,6,5,666.09,-480.84,1095.25,489.78,-313.90,946.46,343.29,-61.68,938.24,191.41,146.74,757.69,623.25,-386.42,988.33,526.25,-222.51,874.97,424.31,8.27,711.07,355.00,24.40,607.39,507.84,-109.24,382.07,506.23,-118.20,-8.35,530.21,-394.43,1049.33,323.67,-334.14,1020.16,-15.55,73.43,815.96,26.50,80.72,608.32,-205.04,-100.71,45.88,
38,1385975694328,4,6,5,647.14,-502.15,1088.83,482.37,-321.88,942.05,324.59,-90.75,931.30,187.80,142.15,756.30,604.29,-412.46,977.78,518.97,-237.30,868.51,425.90,8.22,711.76,353.20,21.87,606.79,511.27,-104.45,385.51,498.93,-126.68,-12.01,526.32,-393.67,1041.62,290.63,-375.51,1010.64,-23.13,66.71,813.18,42.51,100.23,611.42,-187.84,-83.98,53.65,
39,1385975694361,4,7,3,643.23,-501.47,1085.06,481.75,-322.95,937.16,320.21,-98.72,927.54,197.82,148.13,758.17,610.06,-402.05,972.30,515.08,-244.46,863.88,419.74,-4.38,710.50,371.49,40.99,611.64,-163.24,-106.66,460.73,493.37,-133.72,377.80,487.89,-140.13,-15.96,518.86,-400.81,1035.76,-26.14,63.93,810.85,160.65,244.20,470.81,
40,1385975694395,4,3,3,633.35,-510.13,1080.18,472.12,-334.92,932.47,317.42,-103.14,925.87,194.27,140.49,755.10,727.38,436.22,774.63,494.06,-138.52,377.06,489.72,-137.27,-14.59,507.50,-416.30,1029.53,176.81,263.87,796.38,-2.29,87.41,329.60,
41,1385975694428,4,6,3,622.44,-522.89,1077.26,472.83,-332.70,931.92,325.75,-94.06,926.15,194.10,139.27,753.46,592.48,-425.07,959.39,512.47,-253.68,859.14,426.29,-8.96,708.82,369.42,30.23,608.83,494.28,-138.83,377.00,487.82,-140.22,-15.32,513.97,-404.72,1028.41,-25.90,64.93,808.27,17.90,72.99,601.41,
42,1385975694461,4,6,5,612.66,-534.00,1073.51,453.32,-357.27,926.63,333.29,-87.39,926.97,202.24,143.60,753.04,593.13,-421.33,956.54,515.35,-251.64,859.02,440.48,5.15,712.66,377.47,35.62,610.51,495.54,-143.88,377.82,489.37,-137.80,-14.09,495.18,-429.68,1021.06,284.44,-373.10,1001.64,-25.90,64.93,808.27,30.99,88.93,605.92,-14.27,75.77,323.26,
43,1385975694495,4,6,5,612.48,-524.06,1072.72,453.17,-353.81,927.00,341.36,-76.94,928.38,207.84,144.80,751.66,577.45,-443.21,950.96,515.78,-250.91,859.77,430.35,-11.61,708.99,361.76,12.11,603.98,499.57,-139.39,380.28,485.65,-142.91,-16.06,487.58,-438.37,1017.94,304.93,-337.77,1006.29,-5.61,89.32,812.15,-167.01,-103.94,461.46,-184.67,-87.54,58.30,
44,1385975694528,4,6,5,605.22,-534.20,1069.45,463.47,-331.44,929.06,333.25,-85.38,925.83,205.41,140.85,749.74,587.97,-421.21,951.89,503.63,-265.84,857.70,432.67,-14.35,708.86,364.04,12.12,603.74,493.82,-152.58,376.50,485.51,-143.09,-14.85,501.78,-412.94,1019.81,275.27,-370.22,999.13,0.36,97.21,809.28,-164.06,-100.40,462.79,-184.81,-87.70,59.46,
45,1385975694561,4,6,5,591.92,-543.92,1066.66,443.87,-354.98,925.17,317.59,-103.06,921.30,204.51,139.29,747.81,575.90,-435.96,947.65,504.11,-261.70,859.19,433.24,-14.13,708.63,368.06,13.72,603.35,499.62,-146.85,379.34,500.46,-120.95,-3.70,500.05,-408.88,1019.37,293.04,-338.55,1001.94,10.26,109.51,808.55,-167.01,-103.94,461.46,-184.81,-87.70,59.46,
46,1385975694595,4,6,5,601.34,-524.47,1068.14,445.17,-345.02,925.44,319.24,-99.77,919.67,201.59,135.92,742.36,568.49,-438.90,944.62,497.54,-268.24,859.40,435.95,-11.44,708.98,366.61,11.01,600.94,502.37,-145.83,380.23,504.60,-113.84,0.67,495.19,-407.83,1016.71,261.17,-372.14,994.27,-2.69,97.34,803.79,-152.04,-85.96,465.82,-184.53,-87.37,57.15,
47,1385975694628,4,6,5,594.86,-519.39,1069.00,432.95,-356.18,921.46,325.67,-89.87,919.42,206.16,141.74,740.58,561.15,-441.65,944.65,490.30,-276.61,855.99,432.62,-16.27,705.27,362.49,5.72,597.19,501.40,-149.95,379.00,504.60,-113.84,0.67,470.22,-434.58,1012.21,263.04,-358.54,995.12,187.62,286.66,782.98,-132.15,-66.36,471.46,-184.39,-87.20,55.99,
48,1385975694661,4,6,4,575.43,-537.71,1068.60,428.10,-357.81,917.86,318.67,-97.52,912.11,201.13,135.26,732.89,561.59,-433.57,944.58,481.74,-290.75,849.82,439.80,-8.35,704.09,379.74,23.46,598.38,501.51,-151.19,377.91,503.09,-116.21,-0.53,489.94,-399.25,1015.90,-3.97,101.45,795.01,1.38,61.12,658.64,-137.81,-72.46,469.06,
49,1385975694695,4,6,4,566.17,-542.92,1069.77,434.99,-344.66,918.16,320.51,-97.92,904.77,214.25,148.06,729.58,549.28,-445.80,941.65,484.32,-289.98,844.15,439.00,-14.46,696.92,369.28,7.83,588.02,507.61,-149.56,378.91,501.03,-118.76,-1.94,454.49,-443.04,1008.43,-6.50,101.10,789.31,106.71,191.88,439.18,-144.11,-75.40,466.68,
50,1385975694728,4,6,5,567.54,-527.21,1071.64,421.14,-360.27,910.47,318.06,-102.66,896.29,223.23,151.17,722.71,534.84,-465.92,936.91,486.77,-290.66,838.16,438.94,-21.13,688.06,376.00,9.94,583.19,489.79,-181.73,368.47,503.13,-116.15,-0.90,459.56,-427.02,1006.88,250.48,-358.73,989.16,5.68,113.03,788.09,-170.13,-100.44,456.87,-187.84,-83.98,53.65,
51,1385975694761,4,4,2,551.62,-542.86,1069.97,421.90,-358.87,906.36,329.78,-92.56,889.48,219.55,143.07,713.75,445.16,-20.20,681.41,364.48,-7.32,571.28,510.72,-160.01,375.33,505.18,-113.61,0.52,-138.56,-65.46,464.49,-208.61,-104.22,45.25,
52,1385975694795,4,6,5,557.16,-527.60,1067.21,417.64,-365.32,897.83,330.10,-99.66,880.09,242.06,164.51,712.53,535.70,-464.87,929.78,488.85,-293.49,824.37,446.57,-25.13,674.03,375.92,2.19,568.67,493.51,-188.67,365.72,503.13,-116.15,-0.90,454.43,-432.44,997.08,248.32,-359.76,976.38,14.21,117.10,779.38,4.86,68.11,641.03,-204.00,-95.82,48.81,
53,1385975694828,4,6,5,543.40,-548.77,1060.73,415.14,-369.81,891.91,329.02,-102.84,870.90,224.87,137.86,699.18,535.81,-465.89,926.29,484.22,-304.53,816.23,449.34,-27.06,666.16,388.51,11.75,564.97,499.99,-185.81,366.31,501.03,-118.76,-1.94,459.80,-426.54,993.90,250.14,-357.25,970.21,8.64,110.43,771.88,-154.17,-88.50,456.55,-204.00,-95.82,48.81,
54,1385975694861,4,5,5,547.93,-541.30,1057.06,421.74,-366.76,887.05,333.54,-106.05,862.28,244.40,155.32,697.62,540.01,-466.55,922.88,487.19,-305.02,809.88,455.89,-25.31,661.06,380.23,-3.65,555.10,504.60,-113.84,0.67,453.97,-440.79,986.99,260.36,-346.12,966.31,21.77,122.31,768.50,28.42,91.03,640.23,-433.03,-367.77,151.61,
55,1385975694895,4,6,6,540.54,-553.19,1052.60,416.25,-379.11,878.07,336.06,-107.33,854.35,236.37,140.13,687.44,528.03,-491.25,915.69,484.07,-318.50,801.85,458.32,-29.82,655.37,382.67,-8.14,547.80,499.63,-197.75,363.88,504.60,-113.84,0.67,455.23,-443.23,981.75,259.24,-353.44,957.51,20.40,116.19,764.33,27.58,84.77,634.30,-171.17,-124.68,448.45,-192.98,-79.85,52.91,
56,1385975694928,4,6,6,537.55,-563.41,1050.21,417.04,-384.79,872.24,339.07,-115.02,846.61,265.44,166.07,691.77,533.26,-488.64,913.87,491.85,-317.17,796.79,457.67,-39.29,647.22,396.08,1.12,545.92,503.11,-197.70,363.85,502.50,-116.44,-0.38,460.12,-440.15,979.43,254.59,-366.78,948.64,26.26,113.17,758.03,13.84,65.29,623.91,-151.23,-113.93,452.46,-192.98,-79.85,52.91,
57,1385975694961,4,6,6,527.91,-582.31,1045.56,423.34,-384.26,867.71,344.96,-116.67,839.81,256.74,146.16,680.69,533.36,-495.59,910.46,487.76,-335.45,786.18,458.57,-46.21,641.96,395.55,-6.55,539.39,498.43,-212.69,358.48,503.44,-114.97,0.45,458.04,-450.90,973.97,266.81,-353.94,944.08,32.93,112.24,756.81,1.31,43.82,615.13,-134.34,-97.10,455.43,-205.22,-94.33,46.48,
58,1385975694995,4,6,5,532.81,-576.71,1041.56,414.26,-408.22,856.57,353.42,-115.80,834.29,252.18,130.11,672.49,541.11,-491.78,908.19,503.80,-323.11,783.08,467.17,-47.90,637.36,408.04,0.84,537.30,498.12,-220.75,354.47,503.44,-114.97,0.45,465.80,-444.00,970.49,264.55,-367.96,935.72,50.64,124.22,758.33,-121.14,-87.12,455.68,-195.30,-78.23,53.58,
59,1385975695028,4,6,6,530.53,-581.30,1038.38,431.33,-390.25,855.01,359.51,-118.76,828.03,263.89,134.05,670.48,543.24,-497.10,904.52,499.67,-341.52,773.20,459.19,-68.27,628.54,401.84,-17.99,527.20,502.99,-222.51,354.04,503.44,-114.97,0.45,474.05,-438.20,967.99,278.73,-351.89,931.26,55.55,121.31,752.95,28.63,62.37,615.11,-117.97,-83.26,455.89,-199.44,-75.86,57.02,
60,1385975695061,4,6,5,536.58,-573.95,1035.54,439.76,-390.83,851.43,368.43,-120.54,823.68,287.19,153.70,670.89,537.18,-512.72,899.69,515.44,-329.43,772.01,468.14,-66.34,625.78,414.38,-9.85,526.17,496.89,-240.65,346.38,503.44,-114.97,0.45,469.01,-455.41,963.14,269.88,-373.61,923.32,59.06,114.51,750.14,-103.95,-67.43,460.24,-200.67,-70.07,64.56,
61,1385975695095,4,6,5,516.40,-608.40,1027.48,446.52,-385.23,848.19,380.36,-109.77,821.88,278.48,134.21,663.03,543.65,-508.58,899.47,519.39,-331.45,767.77,481.91,-56.23,625.64,407.32,-27.70,517.31,505.54,-234.97,347.80,503.79,-115.10,0.21,465.78,-462.50,959.51,282.30,-361.67,920.75,63.68,90.43,617.37,-102.15,-68.84,459.03,-207.74,-71.13,63.89,
62,1385975695128,4,6,6,498.81,-639.37,1022.19,445.41,-394.57,844.10,377.91,-121.94,816.10,304.97,160.93,665.60,543.82,-514.90,898.02,523.65,-333.56,765.13,484.64,-59.14,622.69,421.12,-15.85,518.76,512.86,-230.71,349.13,500.21,-120.00,-1.21,459.68,-477.09,957.10,289.16,-356.78,918.13,79.64,125.88,745.91,50.05,68.31,608.17,-104.63,-70.66,459.30,-221.31,-84.14,55.63,
63,1385975695161,4,6,4,503.24,-632.53,1022.22,449.70,-392.89,843.32,378.25,-122.64,813.98,291.75,139.71,658.53,549.18,-509.93,899.41,526.46,-336.75,761.20,501.29,-42.65,625.72,425.21,-15.94,517.33,526.20,-216.46,353.64,500.21,-120.00,-1.21,462.10,-475.92,956.56,71.48,111.93,740.83,-87.70,-51.27,464.56,-229.91,-89.85,53.68,
64,1385975695195,4,6,4,524.79,-592.88,1028.41,455.58,-386.91,843.75,396.38,-102.00,816.54,295.82,141.66,658.39,552.96,-506.84,900.38,528.97,-336.57,759.46,496.26,-49.70,623.60,429.30,-11.40,517.02,528.82,-213.09,354.67,500.21,-120.00,-1.21,457.00,-484.50,956.00,281.12,-376.78,908.50,64.87,83.14,610.88,-88.09,-50.99,463.34,
65,1385975695228,4,6,4,531.79,-579.85,1031.61,452.41,-395.84,838.23,393.05,-111.30,813.36,295.85,141.69,658.14,544.82,-521.08,900.93,531.22,-337.53,755.04,497.04,-48.59,621.81,429.93,-10.49,516.96,525.67,-217.38,352.22,503.44,-114.97,0.45,464.09,-475.39,957.72,292.92,-362.80,911.24,64.28,80.13,610.43,-130.42,-102.01,447.73,
66,1385975695261,4,6,5,499.67,-624.42,1029.02,456.78,-396.47,835.52,387.92,-122.97,808.44,300.01,148.00,659.19,553.38,-509.48,904.15,532.83,-339.37,748.89,499.80,-44.48,620.05,429.78,-10.59,515.42,524.08,-219.44,350.54,502.50,-116.44,-0.38,466.40,-472.27,958.00,310.58,-348.04,912.91,92.12,130.53,746.40,91.92,113.77,572.23,274.41,388.49,440.22,
67,1385975695295,4,6,5,494.54,-630.89,1028.92,457.01,-399.42,833.29,395.57,-115.47,805.60,293.46,143.29,657.35,546.86,-523.22,902.37,533.08,-343.55,741.16,499.55,-44.28,616.81,438.47,2.77,518.50,528.67,-212.77,352.12,504.60,-113.84,0.67,467.21,-474.45,957.01,303.67,-364.30,908.11,86.22,123.81,746.35,60.65,75.22,611.51,-121.47,-99.58,451.13,
68,1385975695328,4,6,5,491.96,-635.27,1025.20,460.93,-399.73,829.71,411.27,-100.25,806.69,302.62,156.88,658.69,549.20,-522.19,902.22,537.05,-345.66,734.60,487.22,-57.62,610.38,424.53,-11.10,511.34,528.67,-212.77,352.12,504.60,-113.84,0.67,475.26,-466.74,956.78,89.27,125.19,746.77,56.43,68.55,610.38,-126.27,-108.35,451.10,-279.18,-140.22,41.98,
69,1385975695361,4,6,6,502.68,-619.43,1026.00,466.02,-400.10,827.26,395.98,-124.34,798.65,306.87,163.08,658.20,541.60,-541.11,898.22,540.06,-347.81,730.26,499.47,-38.31,613.44,423.06,-12.51,509.34,529.82,-211.60,352.20,504.60,-113.84,0.67,470.72,-478.79,954.85,314.88,-364.02,905.40,91.22,126.76,746.24,49.45,56.50,606.62,-122.30,-108.19,451.54,-216.31,-66.73,73.07,
70,1385975695395,4,6,6,491.56,-635.12,1023.29,475.56,-390.56,828.68,396.84,-125.67,796.30,303.85,159.91,656.59,549.78,-529.46,900.27,539.09,-355.31,726.58,493.20,-46.69,608.96,427.84,-5.57,509.18,529.82,-211.60,352.20,504.60,-113.84,0.67,480.12,-470.13,955.30,335.38,-343.29,907.85,73.40,104.12,740.97,61.15,68.21,610.43,-115.48,-106.82,454.22,-216.31,-66.73,73.07,
71,1385975695428,4,6,5,500.87,-617.35,1024.57,477.87,-387.85,828.49,397.76,-124.53,794.56,298.78,154.82,654.41,550.80,-528.34,901.29,546.02,-347.09,728.50,487.87,-51.67,606.78,411.84,-22.34,502.79,528.15,-214.32,351.18,502.50,-116.44,-0.38,480.99,-469.09,957.01,337.56,-346.62,906.87,75.33,105.77,740.59,56.94,62.99,608.22,-119.29,-114.39,453.88,
72,1385975695461,4,6,5,517.75,-586.60,1028.83,477.71,-388.10,829.08,402.54,-116.89,796.08,283.47,139.81,649.75,551.59,-526.83,903.16,547.64,-344.35,729.24,494.40,-38.61,608.89,420.78,-8.51,506.55,528.15,-214.32,351.18,503.44,-114.97,0.45,482.35,-465.59,959.70,351.52,-329.74,910.41,72.29,102.75,739.95,56.85,62.89,608.94,-105.49,-101.09,459.32,
73,1385975695495,4,6,5,481.94,-634.52,1023.16,467.87,-397.58,827.36,415.47,-94.21,801.43,278.69,138.65,648.25,540.78,-537.05,901.58,549.04,-336.76,733.87,497.64,-33.69,610.23,419.79,-9.30,505.46,528.15,-214.32,351.18,503.44,-114.97,0.45,450.20,-510.50,953.53,349.91,-332.21,910.61,73.38,104.80,739.86,56.85,62.89,608.94,-134.64,-136.36,450.01,
74,1385975695529,4,6,4,502.30,-595.93,1030.67,474.18,-377.86,832.42,396.30,-113.23,799.67,293.98,160.55,654.19,542.55,-524.71,906.48,540.20,-340.25,737.46,489.56,-37.74,610.01,416.85,-7.57,507.08,529.82,-211.60,352.20,503.44,-114.97,0.45,472.06,-465.99,963.98,362.40,-304.81,915.02,45.21,51.24,604.40,-129.20,-130.92,452.63,
75,1385975695561,4,6,4,475.27,-626.95,1030.25,465.51,-374.57,839.51,403.76,-92.58,806.87,279.52,147.46,649.63,543.13,-510.50,912.60,538.83,-330.82,746.34,492.48,-33.20,614.25,413.91,-11.07,506.34,528.67,-212.77,352.12,503.44,-114.97,0.45,466.09,-459.25,969.02,76.81,118.47,737.04,40.63,49.74,602.62,421.02,540.01,510.24,
76,1385975695595,4,6,4,476.05,-606.80,1039.56,457.02,-370.81,846.91,396.39,-89.79,808.40,266.33,136.58,644.30,525.70,-514.32,918.78,529.48,-332.10,754.46,485.31,-35.86,614.33,413.83,-11.17,507.02,524.78,-218.31,350.56,502.88,-116.53,-0.60,467.09,-439.41,976.34,350.29,-275.77,925.53,188.51,237.03,705.60,-62.38,-48.96,520.86,
77,1385975695628,4,6,4,483.82,-568.84,1051.46,442.37,-374.10,850.74,388.10,-87.20,810.63,281.45,159.46,644.41,522.34,-501.22,926.67,520.02,-330.68,762.52,478.35,-43.24,612.37,416.66,-7.07,507.22,523.15,-220.95,349.86,497.75,-124.53,-3.77,431.71,-467.34,975.74,318.84,-295.76,921.04,65.05,120.38,723.89,-62.12,-48.64,518.64,
78,1385975695661,4,6,5,470.15,-560.55,1060.46,434.78,-365.88,856.00,380.21,-83.35,812.61,261.57,140.72,633.84,512.12,-493.30,935.09,518.00,-319.84,770.40,485.94,-28.63,615.70,403.03,-20.21,500.95,527.04,-215.40,351.42,497.75,-124.53,-3.77,442.33,-424.71,989.14,308.16,-287.96,922.83,75.73,140.71,722.60,53.34,75.09,591.78,407.56,527.10,504.28,
79,1385975695695,4,6,4,446.21,-570.98,1067.02,420.95,-367.21,861.00,369.96,-81.81,813.64,282.88,173.01,637.89,500.04,-487.51,944.16,512.17,-313.80,777.81,484.11,-23.80,619.16,415.64,-1.81,506.10,528.67,-212.77,352.12,489.57,-137.32,-9.88,420.71,-431.67,993.17,55.21,123.57,711.02,54.75,82.10,588.00,403.73,523.42,503.14,
80,1385975695728,4,6,4,455.29,-532.12,1078.53,415.11,-356.03,864.76,368.37,-69.66,818.33,260.62,153.29,631.11,504.82,-459.17,954.72,503.49,-310.56,784.29,479.73,-22.78,622.36,416.12,-0.46,507.72,527.91,-213.24,352.23,489.94,-137.42,-9.91,426.55,-401.77,1000.44,261.38,-302.91,923.28,53.17,131.91,707.84,-270.03,-118.56,59.22,
81,1385975695761,4,6,4,431.89,-547.69,1081.47,402.50,-357.94,869.28,355.82,-72.68,819.70,276.51,177.78,636.85,485.23,-465.75,960.06,487.62,-321.15,787.11,476.55,-19.92,627.28,410.01,-2.49,508.89,517.57,-226.58,347.30,489.94,-137.42,-9.91,380.96,-440.55,999.44,237.60,-317.52,920.00,36.87,117.75,698.95,-287.93,-135.74,51.36,
82,1385975695795,4,6,4,408.51,-561.45,1084.84,403.94,-339.41,874.01,343.25,-75.38,820.10,251.42,154.76,628.92,469.19,-468.68,963.95,474.95,-325.02,790.27,469.39,-23.03,630.86,412.31,1.50,511.82,518.80,-221.92,348.61,489.94,-137.42,-9.91,403.02,-389.43,1008.76,240.79,-296.96,922.34,49.90,139.56,701.82,-252.64,-94.65,67.61,
83,1385975695828,4,6,4,414.94,-529.50,1094.14,385.82,-348.21,876.77,332.28,-77.66,820.40,256.45,164.87,630.55,474.56,-439.17,975.12,473.41,-314.71,796.87,466.58,-19.63,635.14,408.66,-2.98,511.84,524.61,-212.52,351.62,497.64,-128.01,-5.74,374.36,-405.17,1010.02,247.97,-270.02,926.09,29.03,122.23,690.75,-250.74,-92.43,68.76,
84,1385975695861,4,6,3,408.73,-518.96,1100.40,371.32,-351.78,877.86,318.95,-82.84,821.03,264.92,179.26,631.03,447.23,-454.00,976.94,467.26,-307.41,802.08,474.52,-7.72,639.32,409.82,-1.40,514.38,524.61,-212.52,351.62,498.75,-126.63,-5.86,360.53,-400.80,1012.77,44.04,145.37,692.23,-224.88,-62.33,82.26,
85,1385975695895,4,6,3,386.66,-527.57,1104.60,363.34,-346.11,882.16,317.06,-70.40,824.22,250.48,164.70,623.66,439.99,-437.26,986.01,449.03,-317.80,803.85,463.18,-17.79,641.66,412.79,2.36,517.94,517.57,-226.58,347.30,498.75,-126.63,-5.86,340.15,-401.86,1016.71,284.44,382.57,680.24,-224.88,-62.33,82.26,
86,1385975695928,4,6,4,380.39,-511.79,1113.44,355.44,-334.28,888.39,309.20,-66.23,824.85,238.23,153.05,617.76,437.36,-412.55,995.38,450.41,-297.14,813.55,461.97,-17.52,644.31,419.63,12.31,521.87,530.74,-210.09,352.87,499.96,-125.12,-4.45,323.79,-396.91,1022.23,214.58,-256.52,933.25,305.74,408.65,703.87,-240.40,-80.40,74.65,
87,1385975695961,4,6,4,374.62,-486.95,1124.59,342.95,-328.07,895.78,302.13,-59.93,826.48,248.29,167.77,616.92,421.72,-403.10,1005.35,432.96,-300.71,821.49,455.49,-20.22,646.63,409.36,-2.56,518.50,528.15,-214.32,351.18,500.40,-124.42,-3.80,326.33,-361.09,1033.11,220.72,-224.49,939.06,36.40,151.95,673.39,401.54,531.76,504.24,
88,1385975695995,4,6,4,362.64,-463.23,1137.74,323.77,-325.45,902.59,296.70,-48.41,830.27,257.49,180.50,618.60,403.73,-390.23,1016.87,422.17,-292.92,832.57,463.87,-3.91,654.79,410.28,-1.16,521.27,540.52,-198.33,356.47,505.30,-119.34,-0.59,302.03,-356.49,1039.91,175.76,-255.31,936.50,41.61,160.89,669.00,-224.88,-62.33,82.26,
89,1385975696028,4,6,4,328.25,-465.07,1148.58,312.59,-311.93,912.54,274.77,-59.00,831.34,255.59,180.55,618.40,386.03,-373.43,1029.47,403.02,-294.39,841.56,450.04,-19.32,654.87,409.79,-1.76,525.40,539.41,-200.03,358.14,505.21,-119.45,0.16,271.22,-357.48,1047.06,176.51,-224.36,942.11,30.01,155.35,660.42,-240.53,-80.57,75.82,
90,1385975696061,4,6,4,304.97,-450.24,1160.76,295.04,-306.16,920.58,260.07,-60.77,832.78,245.91,171.46,615.71,355.76,-375.07,1039.96,384.58,-294.35,852.81,445.50,-19.74,659.51,410.28,-0.97,528.65,528.73,-213.20,355.41,495.98,-131.24,-4.50,250.43,-344.70,1054.86,147.88,-230.51,944.59,19.54,148.25,656.43,-256.22,-98.82,68.14,
91,1385975696095,4,6,5,276.20,-445.83,1171.57,271.21,-310.67,927.22,257.86,-47.17,839.46,235.18,161.30,614.68,331.62,-367.23,1052.48,367.38,-291.77,863.62,438.97,-25.47,665.04,406.67,-2.78,534.16,524.15,-219.09,355.88,497.36,-129.72,-1.20,228.69,-336.12,1063.34,130.65,-223.36,947.30,22.84,157.34,657.84,21.91,78.57,542.34,-272.06,-117.27,60.38,
92,1385975696128,4,6,3,252.39,-434.30,1182.97,257.42,-299.53,937.03,248.47,-41.01,845.97,235.65,165.08,619.91,302.51,-365.19,1062.89,346.52,-296.34,873.37,424.88,-36.16,670.04,404.50,-1.64,539.71,525.08,-211.34,361.08,506.93,-117.30,5.92,186.50,-350.26,1068.44,339.78,468.54,704.83,-275.14,-120.84,57.88,
93,1385975696161,4,6,4,229.77,-418.94,1194.15,236.77,-298.11,944.13,224.07,-52.64,847.47,251.43,188.95,630.34,280.56,-356.14,1073.40,337.40,-281.90,885.99,427.98,-26.38,678.80,403.64,3.01,548.42,521.89,-210.79,364.80,497.73,-131.62,1.76,150.80,-354.21,1074.68,71.20,-238.96,950.00,24.07,172.67,661.16,-273.71,-122.12,58.60,
94,1385975696195,4,6,4,203.33,-410.31,1202.48,213.88,-300.95,950.68,216.25,-45.88,853.82,228.77,169.86,629.72,253.84,-352.93,1082.10,312.33,-290.59,894.55,433.40,-8.40,692.02,403.86,9.51,555.45,529.48,-191.09,371.85,495.95,-134.42,0.35,143.14,-331.52,1082.69,62.75,-225.52,953.82,17.31,171.37,665.72,-252.31,-101.56,67.00,
95,1385975696228,4,6,4,166.64,-415.46,1209.09,194.83,-299.33,957.91,206.98,-39.31,860.87,225.08,173.52,637.56,228.67,-349.56,1089.61,302.79,-281.10,906.13,425.09,-11.12,697.74,393.60,5.26,561.08,513.17,-204.44,367.22,488.59,-145.89,-3.58,123.77,-322.04,1086.60,59.32,-201.73,960.60,5.18,168.08,666.90,-234.77,-84.73,74.70,
96,1385975696261,4,6,4,126.12,-426.88,1214.28,184.10,-286.69,966.77,189.14,-43.29,866.43,232.02,190.99,649.02,212.32,-337.43,1098.03,285.05,-281.34,914.77,417.00,-8.46,706.69,396.20,17.14,571.74,509.24,-202.42,371.44,489.50,-144.45,-2.77,83.83,-339.08,1088.10,25.56,-217.52,957.98,356.00,508.65,725.15,-266.10,-121.31,58.08,
97,1385975696295,4,6,4,124.93,-393.10,1222.04,165.08,-285.94,973.79,179.35,-38.23,872.48,209.05,172.44,650.10,182.98,-341.17,1103.94,274.39,-271.05,926.95,398.40,-20.58,710.84,397.57,27.29,582.73,511.07,-191.24,377.47,485.40,-151.55,-5.90,61.86,-334.62,1093.57,-10.44,-236.97,955.60,-0.51,175.52,675.38,-248.54,-104.46,67.04,
98,1385975696328,4,6,5,97.86,-393.50,1227.66,147.01,-280.58,981.55,166.57,-33.66,877.68,204.48,176.61,655.31,156.43,-340.61,1112.07,251.92,-273.41,937.70,409.10,2.48,723.12,376.20,9.40,583.55,510.88,-182.75,379.16,487.07,-148.94,-4.94,66.69,-295.06,1101.91,9.00,-189.00,966.11,-9.28,177.47,678.77,-149.36,-64.07,466.95,-280.18,-141.43,50.25,
99,1385975696361,4,6,5,75.37,-384.67,1235.12,127.56,-275.69,989.28,150.04,-34.24,883.11,212.39,194.15,665.41,140.16,-325.70,1122.19,233.33,-271.78,949.46,390.41,-9.73,725.23,379.49,22.35,592.31,518.20,-163.71,385.64,488.74,-146.33,-3.98,22.85,-313.89,1105.60,-25.61,-202.01,963.97,-27.67,164.70,677.02,-165.16,-77.21,463.02,-279.89,-141.09,47.89,
100,1385975696395,4,6,5,52.35,-374.24,1243.64,109.64,-268.16,998.38,136.81,-30.50,889.27,192.48,178.44,665.94,124.45,-310.02,1132.81,211.81,-267.88,962.46,374.90,-18.56,726.61,367.67,16.89,595.24,504.98,-173.29,383.29,494.02,-138.77,-3.30,10.22,-299.57,1113.44,-46.01,-197.35,966.20,-11.54,190.92,688.02,-184.68,-88.95,455.62,-263.64,-122.08,53.40,
101,1385975696428,4,6,5,17.76,-379.00,1250.96,85.85,-267.53,1006.47,126.06,-24.06,894.46,183.11,177.08,667.80,431.03,75.63,1108.07,-197.77,-718.30,998.72,369.95,-16.96,730.20,358.11,14.09,597.83,501.73,-167.26,380.05,492.28,-141.60,-7.10,-23.42,-302.40,1120.34,-52.98,-177.44,972.89,-56.99,149.15,677.91,-184.82,-89.11,456.76,-263.64,-122.08,53.40,
102,1385975696461,4,6,4,-2.83,-366.54,1258.79,71.81,-253.59,1016.45,117.47,-17.48,899.15,173.99,173.77,670.14,179.07,-252.29,988.76,74.80,-294.38,1153.83,375.68,-1.34,737.63,355.15,17.30,603.57,504.16,-154.07,383.72,490.44,-143.89,-8.40,-33.10,-279.84,1130.24,-86.14,-187.66,971.19,-43.51,171.44,683.88,-263.36,-121.73,51.05,
103,1385975696495,4,6,5,-35.38,-366.17,1267.79,59.35,-234.40,1026.34,91.29,-27.29,901.63,164.99,169.97,671.12,162.98,-242.25,1001.20,56.04,-277.39,1165.07,360.10,-10.18,741.66,348.09,15.33,607.31,498.42,-155.04,385.61,488.18,-146.12,-12.16,-76.87,-293.18,1136.22,-101.64,-176.01,974.99,-52.45,169.43,679.06,-189.04,-86.95,461.29,-247.56,-103.26,58.86,
104,1385975696528,4,6,5,-58.50,-356.79,1277.31,31.87,-232.94,1033.53,92.69,-7.77,907.76,159.19,165.67,673.53,140.21,-234.29,1014.65,30.49,-265.49,1174.65,352.59,-13.36,745.73,343.88,16.16,611.57,489.65,-158.78,383.34,486.32,-149.03,-13.27,-86.59,-266.95,1146.30,-96.07,-139.20,979.72,378.29,577.73,756.63,-194.20,-89.48,461.43,-228.70,-81.22,67.19,
105,1385975696561,4,6,5,-63.73,-322.52,1287.05,17.23,-211.56,1043.25,63.25,-20.63,909.44,152.58,161.02,676.74,133.58,-204.59,1030.16,0.37,-258.64,1182.69,343.63,-22.68,750.78,331.08,1.93,612.46,473.10,-178.76,379.00,488.59,-146.21,-11.74,-108.91,-253.11,1154.44,-110.45,-121.83,980.56,-70.49,160.03,678.46,-204.50,-95.69,461.74,-231.78,-84.82,65.42,
106,1385975696595,4,6,5,-102.44,-327.36,1294.36,-7.16,-203.40,1049.67,67.12,0.92,916.96,142.48,149.70,680.00,97.57,-211.70,1040.25,-29.42,-250.61,1190.07,329.93,-38.57,754.17,318.22,-12.28,616.46,477.88,-167.10,384.56,488.59,-146.21,-11.74,-131.65,-240.46,1160.60,-155.19,-139.64,976.93,-61.33,172.73,683.51,-211.40,-98.71,460.23,-231.78,-84.82,65.42,
107,1385975696628,4,6,6,-125.87,-311.27,1300.37,-48.08,-214.75,1053.92,49.68,-3.23,920.88,132.05,138.70,684.20,83.04,-194.97,1052.89,-65.68,-248.71,1196.80,322.94,-46.33,759.92,317.35,-13.32,624.54,472.71,-165.33,384.71,488.59,-146.21,-11.74,-180.65,-255.69,1163.09,-158.06,-113.79,979.14,-72.80,164.03,682.61,-48.32,75.67,573.55,-213.38,-94.20,462.49,-249.30,-101.64,57.67,
108,1385975696661,4,6,6,-177.31,-326.28,1304.52,-78.89,-215.36,1060.34,30.43,-8.68,926.10,139.23,144.92,694.73,48.54,-206.00,1060.89,-90.56,-238.72,1202.70,320.21,-49.99,768.64,316.21,-14.73,633.15,463.43,-169.78,384.62,490.62,-143.94,-9.21,-200.79,-240.37,1168.99,-184.75,-112.11,977.63,-80.44,158.59,688.36,-35.60,91.45,582.11,-229.36,-107.02,459.16,-267.00,-118.64,49.84,
109,1385975696695,4,6,5,-187.08,-300.01,1312.61,-100.70,-208.15,1067.37,17.06,-10.09,932.48,145.86,150.47,705.05,34.09,-192.50,1072.48,-109.97,-222.00,1210.54,315.19,-56.91,775.15,315.21,-15.95,641.50,460.19,-168.02,386.71,491.39,-142.70,-8.04,-202.05,-212.37,1176.18,-208.75,-113.06,977.52,-84.02,157.59,690.53,-198.49,-68.31,472.19,-268.90,-117.18,49.83,
110,1385975696729,4,6,6,-203.98,-281.18,1321.46,-115.12,-195.59,1075.22,11.73,-3.35,937.65,141.57,142.36,710.44,7.59,-195.42,1081.42,-147.71,-232.31,1216.98,302.33,-74.99,778.46,298.13,-38.37,642.93,461.83,-158.22,390.02,491.98,-141.47,-7.16,-256.03,-236.10,1179.26,-226.51,-107.27,979.62,-93.88,145.79,693.53,-59.90,67.12,584.54,-234.34,-101.60,462.56,-268.90,-117.18,49.83,
111,1385975696762,4,6,5,-85.08,-127.72,1213.82,-314.13,-377.20,1189.51,-0.58,-7.83,941.35,125.45,121.47,711.32,-11.17,-191.88,1090.14,-182.06,-239.05,1223.41,296.67,-83.44,784.90,295.47,-42.72,647.39,453.91,-161.78,389.95,506.24,-119.74,2.70,-256.53,-206.66,1188.52,-212.46,-73.71,985.80,-88.16,153.47,697.35,-231.32,-90.16,466.15,-268.90,-117.18,49.83,
112,1385975696796,4,6,6,-147.72,-179.32,1088.33,-267.44,-287.06,1334.88,-27.33,-29.64,940.76,115.02,107.64,714.74,-50.03,-215.95,1093.83,-186.65,-215.26,1230.22,292.63,-93.89,786.60,290.78,-49.20,650.35,451.61,-161.43,390.00,508.09,-116.87,4.80,-276.09,-199.75,1193.02,-267.39,-111.11,980.65,-99.26,140.03,699.72,-76.60,50.72,589.65,-245.32,-100.56,464.15,-268.90,-117.18,49.83,
113,1385975696830,4,6,5,-172.59,-186.03,1092.15,-294.17,-283.64,1340.72,-18.87,-14.46,947.21,126.54,115.63,721.62,-57.87,-205.48,1101.31,-210.22,-215.55,1234.77,295.32,-92.06,788.32,284.93,-56.95,653.05,440.22,-174.27,386.62,508.09,-116.87,4.80,-319.12,-218.85,1197.09,-246.31,-72.59,986.06,-91.51,145.75,703.78,-243.41,-94.58,466.75,-252.93,-98.56,56.47,
114,1385975696863,4,6,5,-184.78,-178.11,1096.49,-297.39,-255.22,1349.11,-27.68,-19.19,947.89,125.92,108.91,725.78,-54.85,-184.65,1109.31,-209.25,-188.98,1241.50,290.15,-103.03,790.69,279.05,-66.04,655.95,439.37,-172.32,387.96,506.38,-119.55,3.52,-301.14,-173.18,1203.62,-260.06,-71.24,986.46,-75.33,51.74,596.96,-243.29,-91.79,467.99,-252.93,-98.56,56.47,
115,1385975696896,4,6,6,-193.72,-169.94,1101.28,-316.03,-245.04,1356.23,-46.84,-36.96,947.43,118.73,99.08,728.13,-73.13,-191.03,1113.05,-218.66,-174.15,1244.87,276.24,-122.72,790.68,272.53,-75.85,658.04,443.94,-160.53,392.39,504.29,-122.16,2.48,-355.19,-207.07,1204.33,-271.02,-69.17,985.96,-89.95,142.48,711.35,-88.13,39.32,595.64,-236.61,-78.47,471.46,-273.81,-119.22,46.83,
116,1385975696930,4,7,5,-198.09,-156.49,1105.09,-335.39,-235.87,1359.12,-40.70,-24.19,953.07,106.87,83.34,729.73,-242.66,-177.95,1247.38,-91.68,-195.49,1116.77,279.14,-122.24,795.30,268.72,-81.01,660.80,-88.79,38.52,601.11,445.77,-150.43,395.76,498.40,-131.37,-1.44,-349.31,-177.64,1208.04,-278.27,-63.58,985.91,-98.76,132.36,710.41,-262.11,-100.24,464.95,-286.66,-134.18,40.74,
117,1385975696963,4,6,6,-227.51,-170.82,1105.57,-345.98,-218.28,1364.79,-37.81,-17.20,956.04,106.01,76.30,735.16,-102.50,-194.73,1119.95,-249.42,-164.60,1248.30,280.21,-121.51,798.64,264.99,-85.47,664.16,427.49,-167.38,389.75,500.11,-132.71,-1.36,-364.76,-168.19,1209.03,-287.44,-60.19,985.69,-111.07,117.60,713.09,-87.09,40.52,605.98,-257.98,-86.16,468.36,-270.65,-115.55,48.64,
118,1385975696996,4,6,5,-228.81,-157.25,1109.87,-343.85,-190.74,1368.37,-59.50,-38.08,954.36,109.24,77.01,740.62,-113.21,-194.12,1122.84,-264.54,-161.81,1249.80,260.86,-148.79,793.98,266.55,-83.22,667.51,434.98,-150.51,395.36,504.86,-127.87,1.35,-345.76,-131.47,1213.52,-287.53,-49.91,986.51,-93.24,40.12,608.74,-246.65,-67.13,470.87,-236.43,-75.70,63.33,
119,1385975697029,4,6,5,-241.64,-158.56,1110.83,-372.69,-199.29,1369.22,-58.94,-36.79,957.59,115.66,84.11,745.93,-132.82,-207.16,1123.45,-273.54,-154.68,1252.08,256.55,-154.94,792.28,251.49,-100.53,665.20,420.01,-162.28,391.09,504.86,-127.87,1.35,-380.23,-150.57,1214.02,-317.98,-71.75,983.02,-103.41,126.89,725.01,-99.49,33.45,608.00,-263.26,-73.12,467.96,
120,1385975697062,4,6,5,-255.23,-160.89,1111.66,-377.91,-187.20,1372.43,-75.01,-52.47,955.17,97.39,65.51,743.32,-145.11,-214.68,1124.41,-293.74,-164.81,1251.46,266.80,-138.38,796.50,259.59,-85.46,669.21,419.10,-156.25,392.83,508.12,-122.72,4.45,-304.44,-51.08,987.89,-402.08,-158.40,1212.82,-116.97,118.68,724.29,-95.19,44.68,614.68,-261.29,-64.34,470.18,
121,1385975697096,4,6,5,-277.49,-173.74,1112.61,-405.81,-200.03,1374.73,-75.60,-49.99,957.24,83.21,53.26,743.74,-143.95,-206.40,1127.37,-299.90,-160.80,1255.09,251.48,-153.94,792.38,250.79,-89.68,668.76,422.67,-141.69,398.15,494.61,-138.09,-0.71,-380.05,-125.37,1218.73,-323.00,-61.72,987.47,-120.40,116.23,728.68,-104.17,40.95,616.75,-301.77,-102.12,458.12,
122,1385975697130,4,6,5,-275.12,-166.70,1116.44,-398.59,-180.12,1377.74,-85.80,-59.23,956.36,80.50,51.26,747.10,-150.41,-207.63,1129.67,-319.63,-173.16,1254.22,246.69,-159.43,791.11,231.66,-109.47,664.02,417.38,-137.93,399.47,495.82,-134.57,1.42,-336.54,-73.09,987.21,-383.16,-118.93,1220.17,-120.67,117.41,731.98,-96.82,50.74,620.99,-302.87,-97.82,457.76,
123,1385975697163,4,6,5,-298.57,-184.73,1116.10,-418.40,-192.04,1379.95,-96.61,-70.24,955.36,79.27,50.17,748.58,-167.06,-224.14,1129.76,-326.20,-173.71,1254.33,226.66,-182.41,787.27,219.11,-122.53,663.53,400.53,-154.91,393.53,494.99,-135.12,1.46,-348.82,-79.24,987.56,-415.15,-145.53,1218.48,-122.31,115.89,734.93,-121.97,26.90,617.40,-289.72,-79.22,465.89,
124,1385975697196,4,6,6,-296.69,-181.23,1120.02,-422.45,-189.60,1382.77,-106.30,-81.98,954.90,80.01,52.53,752.98,-186.13,-244.64,1129.50,-324.91,-168.68,1258.49,220.19,-189.83,785.57,224.64,-111.70,666.54,402.61,-148.00,396.41,494.99,-135.12,1.46,-356.28,-86.29,1109.73,-434.85,-160.87,1100.25,-137.52,100.42,735.17,-135.71,13.52,615.96,-306.97,-95.39,460.79,-249.06,-90.38,54.77,
125,1385975697230,4,6,6,-297.52,-181.76,1124.13,-433.90,-198.39,1386.00,-107.15,-85.08,957.29,75.61,48.34,754.10,-175.72,-233.58,1132.54,-334.70,-176.50,1259.09,225.21,-183.03,786.76,225.19,-110.24,667.33,404.62,-136.77,399.24,500.95,-125.81,5.38,-348.25,-78.45,1113.27,-430.04,-155.44,1104.49,-136.29,102.40,737.44,-157.09,-7.41,611.26,-307.52,-96.03,461.44,-270.09,-114.86,43.94,
126,1385975697263,4,6,5,-303.67,-189.78,1125.85,-435.18,-200.55,1389.50,-95.22,-73.18,960.37,73.01,46.23,754.33,-157.42,-215.82,1136.91,-326.35,-173.34,1263.00,225.21,-183.03,786.76,204.42,-133.01,662.35,386.27,-154.87,391.38,502.70,-123.08,6.40,-353.04,-84.08,996.21,-436.29,-164.62,1225.48,-149.13,1.18,616.20,-313.54,-101.73,460.33,-273.53,-118.88,44.48,
127,1385975697296,4,6,5,-311.86,-200.43,1130.02,-425.98,-194.07,1395.02,-86.72,-66.08,962.90,74.64,47.28,756.39,-172.61,-237.06,1137.10,-327.98,-176.45,1266.84,221.34,-188.47,784.61,201.47,-136.32,661.28,405.83,-124.81,400.45,504.44,-120.39,6.54,-359.95,-96.58,1000.95,-437.71,-166.28,1230.84,-157.70,77.88,737.32,-133.75,15.32,623.54,-273.53,-118.88,44.48,
128,1385975697329,4,6,5,-289.07,-182.56,1135.25,-440.46,-216.50,1400.88,-95.44,-82.05,960.33,69.38,38.62,755.09,-177.59,-248.27,1137.22,-324.85,-179.96,1271.42,223.12,-187.23,784.26,204.42,-133.01,662.35,405.83,-124.81,400.45,493.47,-137.50,-1.85,-352.25,-94.06,1004.06,-432.87,-165.62,1237.05,-176.05,55.76,733.56,-152.01,-2.21,619.29,-275.83,-121.56,44.84,
129,1385975697362,4,6,5,-301.69,-201.60,1136.96,-426.62,-212.79,1407.19,-99.49,-89.92,959.86,56.48,22.82,753.01,-158.46,-231.77,1141.09,-321.59,-183.64,1275.61,207.98,-209.42,778.90,201.28,-137.37,661.71,401.57,-129.93,398.28,498.27,-131.53,-0.37,-356.13,-99.34,1008.60,-435.27,-177.80,1242.84,-169.32,60.95,735.71,-148.14,-1.13,621.36,-275.83,-121.56,44.84,
130,1385975697396,4,6,6,-289.17,-194.04,1141.98,-412.33,-209.85,1413.08,-87.08,-79.34,962.07,61.50,27.49,755.89,-161.53,-242.99,1141.37,-332.14,-204.99,1278.32,224.17,-192.12,783.72,208.00,-131.00,663.48,393.13,-140.05,394.98,500.99,-130.59,-0.78,-407.26,-157.19,1127.42,-365.57,-116.13,1132.54,-147.75,84.02,743.49,-154.42,-7.80,620.63,-339.75,-137.25,451.04,-286.52,-134.01,39.55,
131,1385975697430,4,6,5,-288.83,-200.84,1143.29,-405.05,-213.46,1419.13,-87.32,-86.28,961.84,56.79,21.31,755.97,-150.48,-236.54,1141.69,-314.33,-194.72,1282.16,222.76,-194.78,781.92,200.03,-142.07,660.96,401.57,-129.93,398.28,503.32,-127.70,0.50,-350.27,-103.16,1016.11,-418.20,-176.36,1253.92,-151.63,-4.53,622.44,-329.99,-128.95,454.23,-286.52,-134.01,39.55,
132,1385975697463,4,6,4,-290.78,-208.10,1146.68,-399.12,-220.15,1423.58,-101.99,-105.06,957.96,48.15,9.48,754.92,-138.25,-228.55,1144.62,-296.19,-184.41,1286.50,213.10,-208.49,779.88,211.18,-129.56,664.17,401.57,-129.93,398.28,511.40,-117.63,5.54,-416.27,-184.87,1260.22,-331.37,-86.18,1022.98,-315.60,-115.35,458.56,-286.52,-134.01,39.55,
133,1385975697496,4,6,5,-265.65,-187.29,1152.66,-378.78,-210.55,1429.21,-84.40,-88.57,961.41,54.53,15.26,756.29,-144.33,-241.21,1142.66,-295.94,-191.67,1289.98,207.72,-217.46,778.24,209.75,-133.29,664.55,403.52,-127.00,399.07,510.21,-119.53,3.73,-405.07,-176.45,1263.81,-340.06,-100.08,1022.76,-143.86,80.19,748.35,-315.60,-115.35,458.56,-286.52,-134.01,39.55,
134,1385975697530,4,6,5,-295.65,-223.93,1149.42,-371.64,-212.24,1432.35,-79.99,-84.81,962.11,64.12,23.82,759.18,-142.25,-244.67,1143.02,-302.09,-202.78,1290.52,212.64,-212.38,779.07,206.13,-137.96,663.48,395.15,-137.04,395.31,506.09,-125.26,0.18,-409.93,-191.96,1269.50,-333.15,-97.84,1026.98,-143.86,80.19,748.35,-329.99,-128.95,454.23,-286.52,-134.01,39.55,
135,1385975697563,4,6,4,-258.63,-190.73,1155.06,-379.88,-227.71,1434.25,-73.15,-80.12,963.37,62.93,22.33,758.97,-133.08,-236.81,1144.54,-293.34,-200.28,1294.76,211.58,-213.90,778.14,209.75,-133.29,664.55,395.15,-137.04,395.31,508.20,-122.63,1.29,-151.72,71.17,746.09,-326.41,-94.58,1030.17,-328.37,-124.22,455.03,-286.52,-134.01,39.55,
136,1385975697596,4,7,5,-261.37,-197.08,1155.07,-374.13,-227.55,1436.93,-69.36,-78.36,964.12,62.93,22.33,758.97,-278.18,-188.24,1296.38,-125.28,-234.36,1143.27,228.48,-193.66,780.58,209.75,-133.29,664.55,49.00,230.54,630.66,400.19,-128.79,397.45,508.20,-122.63,1.29,-364.09,-153.15,1274.89,-335.70,-105.16,1031.85,-143.86,80.19,748.35,-586.15,-419.99,431.52,-286.52,-134.01,39.55,
137,1385975697629,4,7,5,-281.82,-222.90,1153.31,-360.43,-218.81,1438.91,-80.22,-91.75,961.88,67.91,28.58,760.42,-261.31,-175.98,1299.21,-134.60,-246.13,1141.79,219.19,-204.34,778.14,214.11,-126.28,665.24,56.80,240.34,632.77,399.71,-128.78,397.42,508.20,-122.63,1.29,-358.25,-154.28,1277.98,-318.14,-89.25,1034.52,-143.86,80.19,748.35,-590.37,-424.04,430.51,-286.52,-134.01,39.55,
138,1385975697662,4,7,5,-271.53,-213.25,1156.11,-356.82,-220.15,1438.92,-81.37,-93.17,961.52,69.24,30.26,760.92,-274.00,-191.05,1298.32,-116.37,-230.47,1144.97,219.19,-204.34,778.14,211.18,-129.56,664.17,59.65,243.04,633.41,397.46,-131.48,396.63,512.12,-117.42,2.62,-373.30,-171.52,1279.35,-330.74,-104.20,1032.51,-143.86,80.19,748.35,-590.37,-424.04,430.51,-286.52,-134.01,39.55,
139,1385975697696,4,6,5,-248.95,-191.32,1157.82,-343.94,-208.83,1441.13,-81.33,-93.13,961.24,68.19,29.41,760.93,-121.39,-236.04,1143.09,-274.00,-191.05,1298.32,216.99,-206.87,777.32,200.03,-142.07,660.96,390.34,-139.64,393.54,511.97,-117.60,1.79,-379.32,-178.42,1279.43,-346.54,-122.17,1029.88,-142.60,81.62,749.65,-151.27,-4.81,622.44,-286.52,-134.01,39.55,
140,1385975697729,4,7,5,-247.13,-189.51,1157.57,-351.00,-218.07,1440.29,-81.23,-93.01,960.42,51.78,13.09,757.01,-273.92,-190.94,1297.59,-118.81,-233.05,1143.04,218.88,-204.19,777.73,200.03,-142.07,660.96,-334.45,-130.44,452.30,391.33,-138.82,393.54,511.44,-119.13,0.74,-379.32,-178.42,1279.43,-349.46,-125.50,1029.22,-141.95,82.37,749.09,-151.27,-4.81,622.44,-286.52,-134.01,39.55,
141,1385975697762,4,7,5,-248.75,-191.08,1156.18,-351.93,-219.14,1439.97,-71.13,-80.54,961.97,48.19,9.45,755.88,-274.00,-191.05,1298.32,-112.03,-224.43,1143.61,223.07,-198.84,779.05,200.03,-142.07,660.96,-330.81,-127.00,453.21,399.74,-128.74,397.12,511.44,-119.13,0.74,-379.32,-178.42,1279.43,-349.46,-125.50,1029.22,-143.86,80.19,748.35,-151.27,-4.81,622.44,-286.37,-133.83,38.37,
142,1385975697796,4,6,5,-267.35,-209.04,1153.77,-349.54,-216.36,1439.84,-72.75,-80.54,960.94,48.19,9.45,755.88,-134.11,-246.14,1139.54,-264.15,-179.35,1299.13,229.76,-189.32,781.18,200.03,-142.07,660.96,400.94,-126.94,397.85,511.44,-119.13,0.74,-375.82,-174.38,1277.78,-321.05,-95.48,1032.93,-143.86,80.19,748.35,-151.27,-4.81,622.44,-286.37,-133.83,38.37,
143,1385975697829,4,6,5,-276.34,-216.27,1152.21,-355.62,-221.88,1438.27,-70.44,-77.69,960.76,48.19,9.45,755.88,-128.91,-238.95,1140.05,-258.71,-172.88,1299.58,222.00,-199.71,780.29,200.03,-142.07,660.96,399.71,-128.78,397.42,513.53,-116.53,1.78,-377.17,-175.92,1276.30,-323.86,-95.73,1031.80,-154.45,70.28,745.49,-154.42,-7.80,620.63,-286.37,-133.83,38.37,
144,1385975697862,4,6,5,-273.70,-211.80,1152.31,-357.86,-222.19,1437.33,-69.04,-75.53,960.93,56.44,17.24,757.45,-124.75,-233.70,1140.64,-260.52,-171.48,1299.57,217.98,-205.43,778.92,211.18,-129.56,664.17,400.19,-128.79,397.45,511.44,-119.13,0.74,-372.89,-171.02,1275.91,-339.15,-109.79,1027.74,-154.45,70.28,745.49,-154.42,-7.80,620.63,-286.37,-133.83,38.37,
145,1385975697896,4,7,5,-269.95,-207.32,1152.17,-364.78,-228.85,1436.79,-66.86,-72.15,961.51,67.91,28.58,760.42,-268.67,-177.57,1298.37,-122.53,-230.90,1140.79,216.86,-207.03,778.41,209.75,-133.29,664.55,-330.81,-127.00,453.21,396.10,-135.65,395.15,511.44,-119.13,0.74,-360.54,-156.91,1278.29,-326.41,-94.58,1030.17,-154.45,70.28,745.49,-154.42,-7.80,620.63,-286.37,-133.83,38.37,
146,1385975697929,4,7,5,-254.97,-189.43,1154.08,-373.14,-236.24,1435.61,-71.89,-76.83,961.16,57.94,16.05,757.51,-268.16,-176.22,1298.32,-130.01,-236.89,1140.94,217.41,-206.88,777.77,209.75,-133.29,664.55,-330.81,-127.00,453.21,403.52,-127.00,399.07,511.44,-119.13,0.74,-359.04,-151.68,1279.57,-324.91,-92.87,1030.21,-143.86,80.19,748.35,-154.42,-7.80,620.63,-286.37,-133.83,38.37,
147,1385975697962,4,7,5,-251.12,-184.36,1154.18,-360.97,-219.73,1436.39,-72.89,-77.51,960.48,57.94,16.05,757.51,-294.33,-200.81,1296.23,-140.35,-246.54,1139.57,225.57,-197.80,780.05,208.70,-135.08,664.15,-321.75,-115.91,456.97,405.65,-124.45,400.16,511.44,-119.13,0.74,-392.65,-179.40,1272.63,-322.28,-89.88,1030.46,-143.86,80.19,748.35,-154.42,-7.80,620.63,-275.83,-121.56,44.84,
148,1385975697996,4,7,5,-244.36,-176.29,1154.87,-372.47,-230.31,1435.77,-72.89,-77.51,960.48,73.77,31.20,761.90,-281.23,-185.31,1297.55,-128.43,-230.96,1141.02,225.57,-197.80,780.05,208.70,-135.08,664.15,-314.76,-108.62,458.88,405.65,-124.45,400.16,511.44,-119.13,0.74,-380.00,-164.99,1273.58,-322.28,-89.88,1030.46,-143.86,80.19,748.35,-154.42,-7.80,620.63,-275.83,-121.56,44.84,
149,1385975698029,4,7,5,-246.67,-178.56,1154.50,-364.00,-218.89,1435.28,-74.76,-79.40,960.24,73.77,31.20,761.90,-272.31,-174.76,1298.35,-128.43,-230.96,1141.02,225.57,-197.80,780.05,208.70,-135.08,664.15,-318.10,-112.44,457.51,405.87,-124.76,400.10,511.44,-119.13,0.74,-380.00,-164.99,1273.58,-323.67,-90.71,1029.15,-151.72,71.17,746.09,-154.42,-7.80,620.63,-275.83,-121.56,44.84,
150,1385975698062,4,7,5,-260.70,-191.76,1152.21,-363.62,-217.86,1434.34,-73.02,-77.04,960.25,75.91,33.38,762.40,-268.59,-170.37,1299.17,-128.34,-230.85,1140.29,225.57,-197.80,780.05,208.70,-135.08,664.15,-318.14,-112.50,457.88,405.87,-124.76,400.10,513.53,-116.53,1.78,-380.00,-164.99,1273.58,-331.24,-98.88,1027.09,-151.72,71.17,746.09,-154.42,-7.80,620.63,-275.83,-121.56,44.84,
151,1385975698096,4,7,5,-261.58,-192.31,1152.12,-363.62,-217.86,1434.34,-75.06,-79.08,959.38,79.32,36.86,763.04,-285.78,-187.13,1297.89,-128.34,-230.85,1140.29,228.10,-194.89,780.90,217.81,-124.86,667.21,-330.81,-127.00,453.21,405.87,-124.76,400.10,510.32,-121.57,-0.70,-397.86,-182.51,1272.56,-331.06,-98.66,1025.58,-151.72,71.17,746.09,-154.42,-7.80,620.63,-275.83,-121.56,44.84,
152,1385975698129,4,7,5,-273.25,-203.53,1150.81,-365.66,-219.82,1434.11,-78.53,-82.57,958.56,79.32,36.86,763.04,-278.93,-179.03,1297.77,-128.34,-230.85,1140.29,228.10,-194.89,780.90,217.81,-124.86,667.21,-330.81,-127.00,453.21,405.87,-124.76,400.10,510.32,-121.57,-0.70,-397.86,-182.51,1272.56,-354.28,-122.68,1021.84,-151.72,71.17,746.09,-151.63,-4.53,622.44,-275.83,-121.56,44.84,
153,1385975698162,4,7,4,-273.25,-203.53,1150.81,-358.23,-212.16,1433.32,-78.53,-82.57,958.56,79.32,36.86,763.04,-283.89,-181.97,1296.45,-129.49,-232.31,1138.77,228.10,-194.89,780.90,217.81,-124.86,667.21,-328.30,-124.60,453.04,405.87,-124.76,400.10,504.47,-130.75,-4.80,-151.72,71.17,746.09,-352.45,-120.60,1021.51,-151.63,-4.53,622.44,-275.83,-121.56,44.84,
154,1385975698196,4,7,4,-270.87,-201.19,1150.98,-358.23,-212.16,1433.32,-78.53,-82.57,958.56,77.34,34.84,762.62,-283.10,-181.62,1296.07,-129.49,-232.31,1138.77,228.01,-194.99,781.61,217.81,-124.86,667.21,-328.30,-124.60,453.04,408.19,-121.99,401.26,504.47,-130.75,-4.80,-151.72,71.17,746.09,-338.47,-107.49,1023.50,-135.45,10.98,627.02,-275.83,-121.56,44.84,
155,1385975698229,4,7,3,-259.83,-190.32,1152.00,-355.21,-207.98,1433.41,-78.53,-82.57,958.56,76.99,34.74,762.83,-283.10,-181.62,1296.07,-129.49,-232.31,1138.77,228.10,-194.89,780.90,215.71,-127.77,666.33,-328.30,-124.60,453.04,406.28,-124.86,400.18,496.82,-142.74,-9.85,-148.93,73.77,746.91,-337.32,-106.19,1024.33,-275.83,-121.56,44.84,
156,1385975698262,4,6,4,-259.83,-190.32,1152.00,-355.19,-207.96,1433.23,-74.98,-79.01,959.81,77.26,35.08,763.53,-129.49,-232.31,1138.77,-283.10,-181.62,1296.07,228.10,-194.89,780.90,217.81,-124.86,667.21,403.96,-127.64,399.01,496.82,-142.74,-9.85,-394.42,-178.59,1272.67,-338.47,-107.49,1023.50,-147.49,75.42,747.50,-286.37,-133.83,38.37,
157,1385975698296,4,6,3,-261.14,-192.29,1151.98,-365.65,-220.13,1433.77,-73.02,-77.04,960.25,75.77,33.21,763.23,-129.49,-232.31,1138.77,-297.06,-197.52,1295.15,228.10,-194.89,780.90,208.70,-135.08,664.15,406.28,-124.86,400.18,496.82,-142.74,-9.85,-149.03,73.65,747.72,-336.34,-105.08,1024.57,-286.37,-133.83,38.37,
158,1385975698330,4,6,3,-257.55,-189.06,1152.25,-362.32,-216.93,1434.03,-72.89,-77.51,960.48,75.77,33.21,763.23,-128.34,-230.85,1140.29,-286.91,-188.45,1297.17,228.01,-194.99,781.61,208.70,-135.08,664.15,406.28,-124.86,400.18,504.94,-132.62,-5.02,-149.03,73.65,747.72,-336.55,-106.05,1024.22,-286.37,-133.83,38.37,
159,1385975698363,4,6,3,-254.48,-187.08,1152.78,-378.67,-235.93,1432.67,-73.23,-78.18,961.05,74.15,31.17,762.85,-128.34,-230.85,1140.29,-272.31,-174.76,1298.35,228.10,-194.89,780.90,215.71,-127.77,666.33,406.28,-124.86,400.18,504.94,-132.62,-5.02,-139.84,84.20,750.47,-336.55,-106.05,1024.22,-286.37,-133.83,38.37,
160,1385975698396,4,7,4,-254.17,-188.00,1153.32,-394.48,-254.30,1431.68,-68.26,-73.86,962.45,74.81,31.57,763.27,-281.23,-185.31,1297.55,122.30,312.16,1015.69,-142.78,-249.05,1139.07,229.31,-194.03,781.72,224.82,-117.55,669.10,406.28,-124.86,400.18,504.47,-130.75,-4.80,-307.91,-84.44,1154.94,-822.02,-656.06,688.33,-146.60,75.90,749.07,-286.37,-133.83,38.37,
